TAZ,allprice10,allprice20np,allprice30np,allprice40np,units10,units20,units30,units40
1,330906,413633,517041,487651,506,506,506,506
2,313490,391863,452819,452819,848,913,921,921
3,505067,631334,679229,696645,1306,1346,1346,1346
4,296074,370092,452819,470235,1096,1096,1096,1096
5,400571,470235,522484,522484,3702,3702,3694,3694
6,609564,748893,783726,801142,4403,4403,4403,4403
7,592148,740185,835974,870806,20559,20559,20559,20559
8,522484,653105,766309,801142,26643,26653,26676,26676
9,574732,714061,766309,818558,19732,19734,19767,19767
10,556553,607599,659872,711575,7396,7580,7612,7619
11,556817,661034,748066,782846,14661,14744,14747,14761
12,609564,548608,505067,522484,2582,2582,2582,5826
13,400571,500713,505067,487651,18,18,18,28
14,539900,557316,609564,592148,601,713,709,767
15,957887,1166880,1114632,1079800,2583,2583,2583,2583
16,748893,731477,818558,818558,10481,10483,10497,10497
17,661756,714005,783665,818495,18532,18579,18587,18593
18,694407,729752,747281,782083,3549,3540,3594,3594
19,416030,468158,502974,537850,1495,1544,1544,1544
20,538407,625290,660092,729571,4246,4342,4408,4418
21,503268,538009,590118,624553,5787,5859,5873,5878
22,801142,870806,992719,1062384,14719,15214,15682,15682
23,522484,574732,626980,679229,1322,1346,1706,1706
24,383023,478778,598473,626790,4356,4392,4392,4392
25,470159,587698,734623,766184,3188,3208,3208,3208
26,452470,565587,661010,678391,1496,1497,1497,1497
27,679084,835801,853212,853212,3616,3616,3632,3634
28,853390,905638,905638,905638,2627,2627,2627,2640
29,696645,766309,801142,818558,5119,5127,5144,5144
30,592009,740011,783537,818360,10490,10498,10498,10502
31,609564,761955,783726,801142,7193,7193,7193,7199
32,766309,870806,888222,905638,7460,7520,7520,7521
33,835503,870731,888138,905554,3661,3733,3737,3738
34,1027468,1044888,1044888,1044892,4597,4598,4614,4616
35,923055,975303,975303,992719,2995,3029,3040,3046
36,644077,805096,835574,852975,5444,5480,5484,5484
37,644396,748893,748893,766309,3782,3818,3818,3820
38,1026984,1061811,1061812,1096630,4175,4202,4214,4222
39,1097216,1149464,1149464,1149464,2178,2182,2212,2212
40,1166526,1166579,1149183,1131797,3435,3446,3462,3493
41,1096722,1114315,1131859,1165375,4937,5017,5055,5208
42,0,0,0,0,0,1022,1030,1030
43,1184297,1149464,1132048,1132048,6455,6455,6455,6455
44,1096783,1096783,1079367,1079368,4506,4516,4516,4516
45,1201509,1236332,1218916,1201511,3250,3252,3275,3278
46,1217697,1217873,1217873,1217876,6019,6030,6049,6059
47,1096551,1113987,1096589,1096597,1887,1913,1919,1919
48,1305929,1305936,1288527,1271118,2608,2608,2608,2608
49,1428122,1410203,1392498,1375103,2699,2699,2700,2711
50,1201390,1166569,1149165,1131761,3022,3023,3024,3024
51,1166880,1114632,1097216,1097216,2309,2309,2310,2312
52,1724197,2155246,2694058,2856245,8856,8856,8856,8856
53,0,0,0,0,0,0,0,0
54,923048,905626,888210,905626,2832,2846,2846,2847
55,992719,957887,940471,957887,1478,1478,1478,1478
56,957887,923055,905638,923055,79,79,79,79
57,1340262,1303652,1268889,1251547,1005,1007,1007,1009
58,1044619,1062048,1062048,1079451,2798,2798,2798,2798
59,1044968,1027551,1010135,1027551,3254,3254,3255,3255
60,1062384,1044968,1027551,1044968,1589,1589,1590,1595
61,992256,1009709,1009693,1027109,1879,1879,1879,1879
62,1045077,1045055,1027661,1045055,3192,3192,3192,3192
63,1045261,1027845,1010458,1027874,2373,2373,2373,2373
64,1027371,1009974,992558,1009968,2700,2701,2705,2705
65,1112501,1112502,1095159,1095232,2942,2946,2948,2948
66,1183741,1183760,1166364,1166364,2726,2726,2726,2731
67,1114226,1114257,1114242,1114258,2230,2230,2230,2230
68,1044736,1044736,1027320,1062140,1278,1278,1278,1280
69,1044737,1044746,1044748,1044748,3928,3929,3932,3932
70,1096730,1079347,1061947,1061937,3294,3311,3315,3317
71,1341042,1341042,1306210,1288793,2851,2851,2874,2877
72,1061379,1113629,1113574,1113577,1248,1471,1471,1474
73,870103,905470,905484,922713,5152,5200,5204,5207
74,764339,814838,832275,832470,4774,5013,5015,5021
75,696645,714061,731477,748893,5341,5351,5374,5374
76,661067,713249,730675,765448,3342,3355,3412,3419
77,522484,609564,626980,661813,4405,4506,4832,4842
78,853287,922932,957766,975183,2696,2748,2748,2748
79,713497,851641,870249,905086,2626,2843,2847,2874
80,975303,1027551,1044968,1079800,2574,2574,2574,2574
81,992192,1061841,1096659,1114081,5120,5261,5279,5279
82,1183138,1235389,1235507,1235548,2330,2342,2348,2355
83,1375874,1358458,1358458,1341042,2207,2216,2223,2229
84,1288793,1323626,1323626,1323626,2643,2643,2643,2643
85,1009980,1079646,1079647,1079655,2015,2042,2049,2060
86,939970,974789,992207,992207,3825,3859,3948,3962
87,1097216,1097216,1097216,1097216,2745,2745,2745,2748
88,1236545,1253961,1253961,1236545,3618,3619,3624,3624
89,1480313,1480313,1480310,1480314,4247,4249,4249,4250
90,1358202,1358185,1358185,1358185,2107,2107,2107,2107
91,1376770,1358835,1341042,1323374,2489,2494,2497,2501
92,1113585,1078411,1060217,1041894,1065,1066,1067,1067
93,1235841,1218428,1201046,1201048,4159,4164,4176,4186
94,1480371,1462955,1445539,1445539,1431,1432,1432,1434
95,1253073,1218335,1200965,1218337,1491,1491,1491,1493
96,1200880,1183424,1166048,1183425,1317,1318,1319,1320
97,1410706,1410706,1393290,1393290,1662,1664,1664,1665
98,1409862,1392490,1375076,1392493,1981,1984,1984,1988
99,1253634,1305888,1305901,1305902,2877,2954,2961,2961
100,1095903,1200376,1217802,1235235,2149,2238,2321,2324
101,1044778,1131841,1149260,1166668,5247,5375,5415,5421
102,1149396,1184231,1201641,1201641,2790,2798,2818,2819
103,1375390,1374665,1357253,1357389,2806,2810,2816,2820
104,1166871,1219129,1236519,1253926,1891,1956,1994,2000
105,1009964,1097032,1131851,1131865,7605,7694,7738,7738
106,851852,939231,956622,991245,9896,10064,10114,10118
107,710531,734160,753007,786925,1628,1891,2120,2162
108,1237451,1532807,1776445,1724454,1845,1809,1982,2082
109,1306210,1428122,1428122,1480371,9982,8898,9208,9208
110,1097078,1371347,1714184,2142730,756,965,969,969
111,1228200,1105380,1147679,1207156,3529,12099,13427,13443
112,1198550,1172952,1139069,1156115,1487,1583,1585,1593
113,1095314,1085662,1069903,1083399,4396,4960,4971,4971
114,1096932,1096800,1080480,1080478,3858,3883,3897,3903
115,883065,903927,903925,921642,770,768,769,769
116,991839,1003307,1003708,1021231,3920,4010,4022,4032
117,1079800,1114632,1132048,1132048,1627,1807,1829,1836
118,1270585,1305415,1322835,1357651,2637,2639,2650,2650
119,1132048,1149464,1149464,1149464,742,744,759,764
120,972967,991555,991583,991590,1297,1317,1331,1349
121,930443,897612,880676,881163,1346,1353,1362,1376
122,974142,956747,939335,956679,2250,2263,2264,2264
123,1113793,1131356,1131379,1148812,1867,1883,1896,1896
124,1061665,1061535,1061452,1078869,2060,2064,2064,2064
125,955825,921252,904351,938672,1284,1286,1288,1288
126,1026233,991404,974069,1008828,2470,2473,2477,2482
127,1300986,1301566,1284356,1284368,1917,1923,1945,1945
128,1358458,1358458,1341042,1358458,2763,2776,2783,2804
129,1166880,1132055,1114639,1132035,2549,2553,2553,2557
130,1166143,1131357,1113897,1131315,2268,2270,2273,2274
131,1149135,1114303,1096899,1114242,3066,3076,3077,3077
132,1270986,1236157,1217939,1235336,1602,1602,1632,1632
133,1114157,1096978,1079563,1096920,2344,2349,2352,2352
134,1072069,1042668,1025749,1043395,2460,2519,2569,2576
135,957546,940142,922785,940191,1480,1482,1737,1737
136,991714,922090,887300,904678,901,903,904,904
137,973957,922145,904603,921759,1514,1514,1546,1607
138,974833,940287,922848,922848,3782,3790,3792,3793
139,860867,831437,817078,851974,1337,1352,1366,1368
140,992312,1009799,1009803,1027224,1156,1189,1203,1207
141,957225,974656,1009502,1044318,632,710,718,718
142,812643,733277,874549,944590,951,1111,1203,1274
143,957887,957887,992719,1010135,777,778,780,780
144,818671,836310,836166,853580,1388,1476,1704,1715
145,884138,1014866,1060969,1110697,2341,3030,3859,3870
146,552792,690990,863738,1079673,154,13422,15342,15342
147,836998,852153,838548,872443,1377,1453,1494,1494
148,1065154,1009394,1018092,1039450,1748,1802,1836,1843
149,1054803,949322,954559,995767,1406,7280,6890,8905
150,1019108,1024022,1022361,1061478,1052,1604,1747,1757
151,1094629,1077405,1059847,1077204,606,611,623,632
152,993776,958876,924015,923972,1401,1403,1405,1406
153,975941,923783,906365,923742,1092,1097,1103,1104
154,1164353,1128083,1146163,1181215,1206,2150,2153,2153
155,923055,888222,870806,888222,945,946,947,948
156,753832,737196,737196,737196,670,670,670,670
157,714061,696645,696645,696645,259,259,259,259
158,853390,870806,853390,870806,137,138,138,138
159,1111866,1094315,1059621,1077039,1511,1511,1513,1514
160,1062384,1010135,975303,1010135,1192,1195,1195,1195
161,972388,985657,968284,985330,968,992,992,992
162,1043745,1061164,1043769,1061193,1111,1112,1128,1128
163,957244,941033,924155,958349,1273,1301,1313,1316
164,1040216,1006393,1006563,1024350,2199,2202,2338,2344
165,1111634,1112932,1078299,1112313,1673,2224,2244,2312
166,1149464,1097216,1079800,1097216,2289,2347,2368,2376
167,1215678,1180961,1163343,1180769,1721,1733,1735,1735
168,1044968,1010135,992719,992719,2660,2683,2746,2747
169,1306210,1270156,1252812,1252157,2415,2473,2541,2545
170,1444477,1391519,1355880,1373300,2411,2419,2429,2503
171,1096944,1077721,1060117,1077009,1282,1287,1288,1289
172,1340400,1302697,1266525,1265835,2117,2122,2126,2133
173,1166880,1132048,1114632,1114364,1488,1489,1489,1491
174,1201713,1166880,1149464,1149464,2514,2515,2524,2524
175,1131215,1148660,1148661,1166049,2424,2426,2426,2431
176,1323626,1306210,1306210,1306210,1988,1997,1999,1999
177,1323335,1305930,1288535,1288525,3478,3480,3484,3484
178,1289297,1254465,1236782,1236488,2422,2423,2423,2423
179,1201974,1167141,1149732,1149732,2738,2738,2738,2738
180,1271377,1236545,1219129,1253961,2201,2201,2201,2201
181,1201713,1166880,1149464,1166880,1945,1945,1945,1945
182,1201508,1184078,1166669,1166662,2466,2466,2466,2466
183,1221206,1186373,1168814,1151469,2432,2433,2433,2434
184,1166880,1132048,1114632,1132048,2907,2907,2907,2907
185,1253961,1219129,1201713,1201713,2809,2809,2809,2812
186,1305709,1287960,1253183,1253028,3133,3134,3136,3137
187,905993,853731,853717,836299,1475,1476,1477,1477
188,763936,781352,798705,851589,1284,1284,1284,1284
189,1201669,1219054,1253866,1288694,33082,20086,16164,16170
190,782919,800555,904758,904832,950,949,949,956
191,599957,589651,590748,602209,1525,1527,1540,1539
192,726462,713697,750967,775948,5828,5837,5837,5837
193,620784,621317,615250,614605,3040,3043,3046,3046
194,642851,666884,666884,666884,4779,4780,4780,4779
195,536244,525088,525088,525898,1821,1823,1825,1825
196,554521,541732,545872,546195,2097,2104,2106,2106
197,563528,550098,550098,550098,1286,1286,1286,1286
198,887877,911172,923937,936144,5551,5551,5639,5639
199,435635,472592,472847,473165,802,801,801,801
200,478376,505868,526261,538954,1510,1524,1525,1526
201,632607,615857,627381,627331,3546,3467,3482,3466
202,645917,595698,600741,607528,2338,2805,2807,2807
203,586306,580240,579996,590975,2350,2422,2450,2445
204,582518,603330,598830,611712,2461,2356,2369,2336
205,557540,544699,540828,544661,2224,2228,2234,2234
206,694725,625252,562727,562700,1896,1485,1470,1452
207,540900,534002,516631,529609,1159,1129,1126,1115
208,686978,645745,613584,714478,2396,2434,2458,2455
209,575822,575006,564826,577834,2470,2546,2593,2603
210,633736,657037,669166,673675,1077,1087,1092,1100
211,613280,645433,659559,686169,2699,2877,3230,3308
212,524734,546265,594723,608136,1101,1143,1145,1152
213,682304,650517,660985,671199,3339,3522,3573,3602
214,571173,608043,613814,661120,2083,2141,2174,2176
215,769992,794468,803701,824241,3006,3006,3018,3038
216,1573750,1520121,1588868,1640248,3861,3861,3865,3866
217,678712,610841,573908,627187,1539,1539,1539,1539
218,605076,595651,573434,589509,1915,1916,1917,1917
219,597525,594964,582180,583460,1764,1766,1766,1766
220,843350,804126,802463,817490,2650,2720,2790,2792
221,881679,840240,837244,764697,1576,1583,1590,1624
222,720545,720553,708046,723593,2283,2288,2324,2376
223,676151,682457,679744,686188,2517,2616,2645,2692
224,614453,614606,619895,645350,1268,1307,1420,1446
225,647326,701297,754899,772601,1660,1675,1699,1710
226,732157,728684,733848,784714,2595,2687,2740,2780
227,800907,779106,766341,779106,2126,2126,2128,2128
228,753137,740372,727607,791432,53,53,53,53
229,793359,765454,759199,744320,1988,1988,2004,2016
230,774259,796946,799063,804966,2444,2466,2497,2497
231,575590,562106,548539,575412,1492,1503,1508,1510
232,595485,581575,568767,568767,1844,1852,1857,1858
233,852864,869240,842541,843837,3648,3651,3687,3690
234,1019166,982495,944202,982475,2882,2910,2914,3020
235,473372,459541,461698,482843,1198,1286,1372,1376
236,570549,574593,561134,570353,2298,2430,2545,2554
237,584782,588591,596851,612459,3893,4740,5174,5203
238,562017,543240,567892,601250,1293,1623,1653,1671
239,0,0,0,0,0,0,0,0
240,626582,633924,629521,645927,2553,2761,3061,3190
241,727307,727116,701897,702023,1361,1362,1365,1371
242,727607,689312,676547,676547,946,947,947,947
243,764237,737600,723708,724375,1012,1013,1016,1016
244,887610,874845,872161,894864,4210,4219,4219,4219
245,893154,877756,867375,867375,1537,1538,1538,1538
246,922407,909302,902625,909021,3782,3783,3774,3773
247,923614,921930,900025,910298,1493,1494,1494,1494
248,754599,741830,746481,747814,1965,1964,1988,1999
249,801807,811029,794554,789430,3054,3111,3246,3258
250,930597,904392,906601,913226,2593,2639,2719,2718
251,743954,762709,761380,757799,4914,5143,5281,5351
252,1269233,1240201,1214440,1197808,2061,2073,2083,2088
253,999865,957790,955068,972567,1139,1140,1162,1162
254,1200759,1162471,1124071,1111618,1933,1993,2000,2006
255,806788,801216,772840,765575,1513,1569,1570,1570
256,1051010,1059751,1034722,1022037,5343,5451,5654,5710
257,701320,691020,689467,690916,3387,5242,5370,5497
258,782130,816582,826545,837656,4088,4421,4740,4953
259,789327,813705,800940,812554,2849,2849,2849,2849
260,593118,621365,615184,649278,2787,3009,3156,3267
261,768151,742712,738658,732610,1703,1703,1704,1704
262,693098,690380,677615,677615,1362,1362,1362,1362
263,612644,599879,586741,599879,821,821,821,821
264,648650,637539,623120,623161,1111,1111,1112,1112
265,902876,973975,971259,962638,2585,2585,2584,2585
266,1027291,966242,935717,940712,3223,3223,3224,3224
267,1071943,1075682,1058272,1062003,1434,1434,1434,1434
268,860730,846693,828107,828107,1409,1410,1410,1410
269,929315,924050,906020,891020,1799,1799,1799,1799
270,1534172,1439628,1390872,1390872,3700,3700,3700,3700
271,868313,1085391,1301547,1321967,1408,1409,1409,1409
272,625487,625487,599957,599957,881,884,884,884
273,942753,908354,870236,883002,1784,1799,1805,1805
274,798863,808175,797130,808326,3745,3745,3745,3745
275,736438,714264,713054,713968,4147,4279,4399,4789
276,1265487,1250152,1196119,1093352,1709,1709,1709,1709
277,889583,1057344,1063079,1073457,11414,10462,11448,11448
278,676212,639307,661076,672884,4415,4412,4708,4871
279,667876,680641,700755,777084,1403,1660,1813,2157
280,750589,747416,746599,759379,1608,2285,2423,2430
281,647306,718043,728449,727166,2394,2634,3008,3015
282,729489,706426,696180,693661,1038,1039,1040,1041
283,652202,638934,627751,630315,1400,1400,1400,1400
284,654112,687281,689759,729036,4624,5260,5582,5842
285,614489,601724,588958,589152,1170,1170,1172,1172
286,682106,669270,654794,654912,3417,3424,3437,3446
287,686299,673281,659343,667922,1182,1187,1185,1185
288,1017865,1001360,997839,1003572,4290,4304,4308,4310
289,703950,691136,678241,678272,2167,2239,2292,2292
290,843156,811879,804861,799085,1617,1617,1618,1618
291,880316,853048,827518,824491,1380,1406,1410,1410
292,887137,853951,830242,837184,967,969,970,971
293,559439,596032,609057,635874,2223,2314,2550,2900
294,587884,616061,673013,694366,2324,2434,2913,3158
295,767808,760506,770610,917586,1407,1454,1568,1804
296,748994,911478,855853,827037,3762,4005,4923,5603
297,1390103,1381810,1377005,1398011,1786,1805,1851,1894
298,1471834,1408796,1371310,1372767,2517,2561,2600,2633
299,1801023,1750375,1673737,1686733,1285,1306,1315,1318
300,1384543,1345332,1318990,1323416,1169,1178,1193,1194
301,842746,814515,798951,804340,2316,2320,2324,2324
302,993112,979418,951313,940165,1804,1811,1816,1816
303,778998,753237,739562,739562,1777,1785,1789,1789
304,1021053,1012102,1001263,992419,2130,2155,2178,2204
305,864857,854170,841405,844400,762,764,764,764
306,1006673,982213,949359,934829,1446,1480,1511,1564
307,810223,772710,759928,769953,1826,1828,1833,1838
308,721169,708071,682702,682868,1150,1151,1151,1151
309,662363,654754,647018,655604,5010,5418,6084,6188
310,637334,573601,549261,573832,751,820,850,850
311,991302,988574,975809,958026,1577,1577,1577,1575
312,1096839,1049669,1029535,1002896,3236,3238,3253,3253
313,598375,600476,586786,624644,1001,1010,1013,1013
314,562538,536135,559464,583456,2796,3372,3377,3377
315,381433,400841,435119,469998,1245,1700,2458,2704
316,596154,578677,578370,603936,940,960,966,968
317,758983,745596,740692,735585,2745,2944,2956,2963
318,697033,678714,678714,684107,1559,1567,1581,1581
319,785703,759947,734410,721645,1045,1048,1048,1048
320,715254,759914,760238,760340,2604,2605,2607,2607
321,654476,642468,630475,629703,1107,1107,1107,1107
322,970941,962737,955850,943372,2960,3029,3034,3046
323,792982,752653,741069,752864,2850,2903,3064,3139
324,729576,763570,750854,760764,2438,2494,2494,2502
325,681414,679603,680994,702009,2919,2973,3026,3071
326,504070,528437,537435,550057,1161,1161,1193,1278
327,663107,688637,688637,697890,1741,1741,1741,1741
328,732838,705982,694451,717895,1230,1237,1258,1258
329,589997,565384,577330,588873,1456,1469,1469,1469
330,674860,683352,674910,696117,1998,1998,1998,2008
331,584183,562800,563306,572218,1570,1571,1573,1576
332,535005,525184,519703,619122,1020,1039,1249,1282
333,610817,584614,580146,617873,3197,3371,3899,4032
334,620631,611229,598961,611898,1706,1760,1779,1808
335,1000387,1000123,1010344,1021911,4896,4899,4902,4903
336,839928,819771,801570,801570,1981,1981,1982,1982
337,1115891,1047164,1037243,997490,541,559,559,559
338,766146,742061,717976,717976,892,893,893,893
339,1267998,1217626,1217294,1204529,1013,1014,1014,1014
340,911459,929105,906736,905034,3935,4407,4727,4901
341,692813,671961,667582,683384,2840,3215,3837,3996
342,1480745,1391390,1365859,1353094,1536,1540,1541,1541
343,990994,965724,952438,939412,832,832,832,832
344,999692,974074,948586,948459,1207,1214,1214,1214
345,1020268,970820,945064,937748,2033,2037,2037,2037
346,1460107,1426503,1400741,1363980,2056,2067,2071,2077
347,1570104,1555360,1537237,1550325,2910,2914,2917,2918
348,694550,709328,738883,738883,1,1,13,13
349,1195017,1173679,1188667,1221519,277,277,491,540
350,1135124,1174715,1166375,1218485,1480,1481,1490,1499
351,697805,700812,709328,719330,2193,2322,2337,2589
352,709328,886660,1034436,1049214,3434,3434,3434,3434
353,0,0,0,0,0,0,0,0
354,747729,805180,776232,820906,436,438,438,438
355,1440884,1296796,1167116,1050404,2031,2467,2938,2938
356,609908,677538,692285,694550,7785,8320,8711,8860
357,1083346,1070305,1057321,1057300,1818,1821,1822,1824
358,916215,916215,916215,930993,1940,1940,1940,1940
359,1043700,1042619,1036143,1036143,1490,1547,1552,1552
360,998285,988530,989707,989999,2263,2269,2271,2272
361,915714,915698,900904,894647,2714,2715,2715,2715
362,861965,877062,877062,862284,2119,2120,2120,2120
363,1142135,1137576,1133017,1137576,1021,1021,1021,1021
364,893219,871882,862312,877151,784,837,879,881
365,591106,673320,673418,688087,1718,1867,1943,1973
366,815908,826100,824076,837023,3062,3709,3823,4414
367,990103,1002212,1009317,1007937,2409,2523,2528,2554
368,1403878,1403878,1418656,1433433,1699,1704,1709,1709
369,1090839,1093354,1078585,1081079,1763,1764,1766,1768
370,867442,900193,891957,887355,2007,2012,2018,2048
371,923309,925142,923349,923349,1277,1277,1278,1278
372,424955,531193,663992,700256,2699,2703,2705,2706
373,847206,857104,842327,836115,1284,1284,1284,1285
374,494556,610749,624425,625526,1417,1449,1449,1449
375,588034,735043,747516,733353,1876,1876,1876,1876
376,684202,808111,817962,818350,2225,2235,2245,2245
377,507749,634686,730615,741043,4237,4581,4767,4770
378,660301,670141,708875,709364,1757,2414,2735,2829
379,775653,838308,863535,875100,2464,2466,2466,2493
380,428068,535085,605238,649410,2198,2198,2218,2218
381,863227,881307,866508,873957,2259,2261,2283,2328
382,879890,859263,844422,844997,1205,1206,1234,1234
383,929012,934637,922848,925836,806,807,810,810
384,1154769,1139987,1125208,1139984,1484,1485,1486,1487
385,1109110,1094450,1109403,1110034,997,997,997,997
386,1112566,1112595,1083874,1083068,1094,1096,1096,1096
387,982224,974200,960548,960548,1326,1326,1326,1335
388,1046782,1045931,1031568,1032201,2291,2292,2292,2307
389,983764,959986,954402,945677,1816,1834,1849,1884
390,890429,914822,900224,896499,2164,2196,2254,2293
391,930870,1067191,1065609,1064484,4598,4634,4689,4698
392,929947,974246,989023,1016726,2191,2191,2191,2211
393,1033959,988439,998573,1023072,2354,2359,2495,2495
394,629919,637362,636603,671620,1625,1953,2189,2221
395,366910,458637,541672,555882,2773,2762,2762,2762
396,1004881,930993,886660,797994,28,28,28,28
397,581190,726487,768314,791533,3575,3575,3569,3568
398,445317,556647,695808,796183,1249,1357,1357,1357
399,179334,224167,280209,316086,310,457,457,457
400,496397,620497,677168,704484,2597,2598,2646,2646
401,651948,603742,669201,621477,888,918,918,916
402,354664,339886,354664,354664,2,2,2,2
403,0,0,0,0,0,0,0,0
404,674792,659817,722450,779192,724,773,816,835
405,871882,857104,771394,916215,156,155,154,156
406,369441,461802,531996,591106,5,5,5,5
407,0,0,0,0,0,0,0,0
408,0,0,0,0,0,0,0,0
409,413774,502416,576268,650118,2,2,2,2
410,458889,573612,717015,871138,5216,5679,5693,5693
411,472885,591106,738883,923604,3,5,5,5
412,601185,751482,820284,862502,6366,6444,7934,8015
413,310331,387913,428552,430444,3816,3844,3844,3859
414,699416,684616,684616,674929,1072,1077,1077,1082
415,717112,807867,820532,839067,672,679,679,685
416,737774,779844,773241,773958,2932,2993,2993,2994
417,0,0,0,0,0,0,0,0
418,664995,664995,831243,913536,83,83,83,83
419,620662,775827,794731,810468,1155,1155,1155,1155
420,728253,731581,716803,731581,766,770,770,770
421,762050,805813,867216,893352,4127,4127,4127,4127
422,258457,323071,385465,400296,4868,4890,5108,5217
423,712683,799476,805808,811875,1744,1744,1745,1745
424,810816,839251,825741,825741,2540,2540,2540,2540
425,679943,722262,707484,735093,1475,1476,1476,1476
426,614311,710666,779393,793591,1750,2236,2445,2475
427,869637,1059145,1116267,1183615,237,237,583,706
428,899468,809521,791082,792643,1801,1801,1795,1795
429,753661,942076,1034436,1019659,6,6,6,6
430,295553,295553,295553,354664,1,1,1,1
431,472885,546773,531996,531996,1,1,1,1
432,488773,572634,598831,626707,173,173,173,173
433,485557,542407,542631,557341,3039,3109,3185,3185
434,619348,619348,557413,696767,45,45,44,43
435,499121,554865,535673,548795,1545,1576,2180,2346
436,741809,736040,739870,735444,1934,2046,2094,2136
437,635679,699217,709806,720396,2470,2470,2490,2490
438,704367,759705,759905,755565,1555,1807,1845,1882
439,686531,713413,744353,755976,1172,1508,1508,1508
440,597064,705314,720085,720085,3676,3683,3683,3683
441,643325,781171,794800,808706,5446,5718,5818,5848
442,681560,702540,696764,701789,1091,1168,1280,1294
443,826267,845375,843336,843336,1406,1406,1406,1406
444,872175,857397,843922,857067,2824,2872,3506,3506
445,546773,634931,662984,674869,5140,5140,5174,5181
446,570182,712727,745736,756309,4724,4865,5331,5347
447,738897,758147,774908,783216,2024,2024,2844,2852
448,557385,661831,700599,729777,5434,5446,5506,5506
449,582645,728306,744009,763642,4670,4895,5323,5394
450,576450,581233,622183,653118,3162,4409,4683,5026
451,843908,855027,847891,870934,2449,2449,2455,2455
452,830273,815343,815329,831146,1047,1088,1103,1103
453,851574,864019,853695,879472,2704,2704,2704,2704
454,828825,815932,815932,817818,1552,1552,1552,1552
455,859365,844588,845718,857104,928,928,928,928
456,766685,815093,815093,842538,4804,4804,4804,4820
457,850504,877232,858561,871358,1930,1931,1947,1947
458,802044,802066,792661,797994,1587,1588,1588,1588
459,829640,812735,824399,831743,2883,2883,2891,2935
460,543505,593617,578839,539890,1605,1605,1833,1833
461,715235,723510,708732,719372,1811,1811,1811,1811
462,800664,848026,856398,858514,1743,1743,1995,1995
463,646222,704215,714257,724279,2512,2512,2512,2512
464,778265,763487,763487,748709,1946,1946,1946,1946
465,813353,797779,791300,798793,3225,3225,3245,3245
466,763562,772599,761136,790448,1700,1701,1743,1743
467,539851,607030,595537,596576,5704,5792,5892,6062
468,936561,957611,942191,941575,2720,2717,2717,2735
469,537086,671357,696162,710968,2697,2697,2697,2699
470,833039,844027,835886,847795,2665,2665,2729,2748
471,613671,708329,747705,760056,4735,4751,4819,4815
472,729444,782936,808727,823505,2325,2325,2325,2333
473,874871,886480,900511,912411,2793,2793,2793,2793
474,891897,901811,895264,880487,1580,1580,1580,1580
475,739034,738925,723914,723703,1762,1762,1762,1762
476,744956,744935,734555,739111,2662,2654,2660,2660
477,737185,799591,797805,797200,2315,2316,2316,2315
478,669199,785381,808630,833981,2580,2580,2580,2580
479,840859,860468,852274,859051,3373,3373,3374,3374
480,857104,842500,827709,844774,1103,1103,1103,1103
481,830871,837660,823408,808630,1637,1637,1649,1649
482,783216,768438,768438,768438,1453,1453,1461,1474
483,760152,779615,759791,759791,2413,2413,2426,2426
484,715066,803402,788669,795377,5532,5810,5846,5900
485,742212,870189,876873,881151,3897,3940,3938,3971
486,964971,987593,992137,1000595,1978,1977,1977,1977
487,809344,848568,855841,851816,2337,2337,2338,2338
488,1049214,1097147,1081194,1073228,2613,2701,2707,2708
489,1052266,1036690,1021911,1009738,2111,2120,2132,2132
490,1081300,1066799,1042818,1042892,1384,1384,1644,1645
491,892358,871882,857104,842327,1071,1072,1072,1072
492,898060,886186,866248,851471,1807,1807,1810,1810
493,1070468,1055853,1040240,1027442,1967,1972,1977,2012
494,1108848,1094980,1094153,1080234,2062,2075,2079,2080
495,1350529,1303380,1289507,1289534,2121,2154,2160,2198
496,1438191,1393592,1372035,1377156,1053,1066,1070,1073
497,1521873,1511591,1501603,1501351,2479,2488,2491,2492
498,1056364,1035300,1011316,1002100,1546,1550,1550,1550
499,761436,761362,746792,752464,2752,2756,2756,2756
500,843010,842923,823131,820470,1384,1388,1402,1407
501,790558,793016,791771,778221,1431,1431,1431,1434
502,930936,940538,925761,935655,2333,2333,2333,2333
503,652086,691604,704201,716848,4183,4202,4249,4262
504,435142,518413,525376,549463,2137,2500,2953,3097
505,878079,859593,835891,841733,2287,2287,2288,2294
506,722469,806758,800948,822009,1499,1495,1515,1522
507,1000650,1079876,1056766,1048433,1949,1949,1949,1949
508,888010,974654,960801,970723,1193,1193,1193,1193
509,968736,940646,936221,951810,1480,1480,1480,1480
510,1302356,1270518,1242513,1240590,938,944,946,948
511,1022965,1030440,1015662,1015687,3169,3170,3170,3170
512,1308894,1294433,1279515,1305445,1801,1873,1907,1950
513,1257517,1276131,1288508,1309350,1065,1075,1076,1255
514,1154966,1127091,1114115,1115796,2605,2622,2622,2622
515,813715,791212,793347,805882,2474,2554,2638,2698
516,896900,872243,857465,858296,1394,1394,1410,1451
517,788882,787178,774541,795519,2149,2197,2224,2363
518,939916,939916,914822,919283,2302,2302,2302,2302
519,710222,720873,705970,691242,3272,3264,3310,3324
520,786197,795046,783843,785672,1492,1540,1652,1652
521,737919,769834,763489,787616,2176,2221,2249,2249
522,820034,813850,813850,809600,2291,2299,2301,2317
523,760289,771646,756862,772681,2622,2627,2667,2667
524,734747,735950,720608,722697,1983,2023,2043,2043
525,818017,789613,785001,774836,1665,1665,1701,1735
526,799973,799973,772015,772015,2628,2629,2637,2643
527,810271,811695,796163,801086,2967,3137,3276,3342
528,889452,882333,852778,874945,2842,2846,2899,2898
529,768438,805748,792017,803524,1118,1119,1139,1159
530,491924,570051,560786,580620,3558,3568,3566,3566
531,445929,557411,678242,682090,1427,1591,1591,1591
532,499372,624216,755294,784771,4899,4919,4919,4927
533,624452,612539,621224,650217,2530,2622,2674,2690
534,775498,818556,823468,845085,2271,2391,2482,2509
535,623338,587377,588631,584290,2164,2212,2262,2300
536,548203,572964,599208,605633,1726,1870,2010,2052
537,442326,552908,554913,584374,5184,6450,7278,7665
538,540571,675714,647743,662335,1563,1630,1637,1668
539,387378,401306,468999,493559,290,290,288,288
540,843264,838957,822614,820745,5231,5380,5706,5909
541,733866,716511,708469,718267,2059,2368,3030,3077
542,758505,755881,759990,774116,1446,1666,1799,1844
543,605528,658207,657727,669465,4108,4149,4213,4364
544,710889,738477,747779,763006,2564,2644,2644,2644
545,634286,630597,642560,664033,2357,2376,2509,2553
546,609136,660710,653568,665157,2767,2867,3158,3239
547,579330,634540,632705,647360,2250,2314,2593,2764
548,693306,710729,709721,724074,6438,6495,7257,7967
549,616237,640000,651294,654159,3363,3487,3642,3764
550,812000,791429,780644,795805,1532,1539,1649,1717
551,572971,622473,620698,650675,2443,2756,3542,3953
552,691000,787246,783729,831683,1099,1131,1239,1374
553,697043,672315,678894,704110,1049,1049,1154,1211
554,985974,991615,963360,961983,4745,4769,4852,4896
555,665397,695989,706662,735623,3747,3754,3914,4024
556,681489,719062,728597,746109,904,935,963,971
557,412561,486378,471499,471506,4969,5314,5421,5486
558,321155,401444,491704,510473,1529,1867,2379,2596
559,752572,737210,739778,764633,1819,1819,1862,1920
560,672922,640173,634145,655114,1579,1723,2046,2165
561,607345,670959,670660,684850,4572,4681,4932,5051
562,594086,647891,643792,666947,1865,1872,2125,2244
563,506603,633253,661406,673727,5304,5463,6169,6190
564,687885,685760,673984,697093,2674,2704,2705,3085
565,460089,575111,653968,654939,2506,2530,2596,2602
566,410452,513065,603101,633435,3349,8023,8854,10301
567,645181,683117,672750,696423,2773,2763,2780,2785
568,596142,740851,773925,805151,3976,6580,8838,9481
569,422624,528280,660350,723545,1062,1062,1082,1082
570,1381899,1429196,1286276,1157649,1104,1104,1104,1104
571,695942,696639,682209,681165,849,850,850,850
572,667743,719079,689524,691389,941,941,953,955
573,724719,738573,724595,710184,1131,1163,1364,1440
574,477772,595711,594973,600771,1004,1004,1132,1162
575,721785,739574,726915,742629,1070,1102,1230,1356
576,694705,695067,680354,710311,1146,1150,1162,1160
577,700246,709087,698951,711408,1113,1113,1114,1136
578,483822,604778,639316,668890,2967,2974,3056,3167
579,595426,644502,654504,669598,650,654,654,674
580,595880,687011,726623,731295,1034,1036,1036,1036
581,729886,912358,1140447,1425559,1452,1452,1632,1748
582,506486,633108,652134,675878,1764,3546,3554,6609
583,738685,923356,1031283,1040558,1417,1417,1441,1441
584,631179,650217,660203,682255,1228,1340,1592,1816
585,692122,709030,695069,710855,1351,1575,1999,2291
586,654120,654789,641844,659393,1454,1566,1842,2072
587,665576,664995,664995,664995,356,356,384,390
588,690611,714921,706121,722936,1332,1364,1492,1570
589,693661,737848,726127,724618,1430,1458,1531,1658
590,847276,811020,796459,796052,848,848,848,848
591,692399,741882,743357,763355,2212,2436,2836,3098
592,771174,773834,772905,787620,2382,2428,2586,2615
593,617217,723923,747244,782818,1137,1228,1612,1798
594,473515,591894,670245,684969,1453,1677,1975,2089
595,427315,534144,586867,616328,2497,2604,2616,2633
596,650217,671115,650217,656337,738,738,738,752
597,763466,761568,756216,781692,2140,2228,2372,2389
598,706036,761089,762202,763124,1953,2003,2096,2153
599,724105,764259,739166,728850,1411,1411,1411,1411
600,719826,721442,708357,707386,1226,1230,1230,1230
601,675320,768612,823701,834567,2821,6250,6334,6538
602,672475,605227,670735,690765,648,1247,1249,1245
603,309030,322997,333759,349664,125,124,309,309
604,726174,726238,662030,781246,3779,3778,3779,3777
605,520357,634893,620902,646771,4326,4479,4845,4879
606,734972,735608,774310,799208,1145,1148,1924,1924
607,322226,402782,503478,629348,3835,3835,4258,4269
608,1782186,1900457,1710412,1539370,660,664,1084,2236
609,809668,795927,767404,781149,1657,1657,1657,1657
610,702106,754482,746076,754482,751,751,752,752
611,766109,769496,758120,787658,1954,1954,1954,1954
612,543028,638778,653555,672078,1961,1970,1970,1975
613,610704,628807,628839,625623,1113,1114,1115,1117
614,755009,752312,737534,752312,1348,1348,1348,1348
615,986409,986369,986409,998302,1392,1426,1430,1432
616,713334,770063,770063,763676,1446,1446,1446,1446
617,672876,681743,689624,711298,1530,1530,1530,1530
618,768323,768307,783068,812605,767,778,781,781
619,754740,754808,754740,784161,1533,1533,1533,1533
620,794028,786458,775284,786458,1103,1103,1103,1103
621,782413,751698,748464,748390,1252,1254,1328,1371
622,713650,687086,676210,680270,1429,1468,1525,1597
623,710848,733445,728008,717901,2002,2003,2003,2003
624,797994,798460,790269,775491,850,850,850,850
625,747594,762072,727093,732413,1559,1559,1619,1636
626,753458,740248,725469,725526,1312,1315,1339,1355
627,679454,719167,704390,724105,1674,1674,1760,1783
628,845519,829568,806777,818166,1574,1702,1819,1876
629,901823,910495,898535,912769,2991,3040,3309,3362
630,708529,710344,685756,697616,2257,2425,2464,2484
631,795455,862450,841848,846325,1362,1363,1371,1375
632,542653,623707,622184,620662,1485,1486,1486,1672
633,702383,731832,720219,730982,2464,2515,2866,3049
634,595996,651962,635481,650238,1641,1642,1781,1855
635,651060,650656,638213,653453,947,947,960,976
636,666329,651860,637080,651037,1307,1358,1458,1480
637,1153213,1125164,1095600,1093547,1491,1498,1526,1547
638,721376,720687,706715,707028,1202,1202,1209,1212
639,693203,726685,712378,732209,1426,1466,1526,1557
640,687280,688383,680664,710219,866,898,962,990
641,709328,694550,694550,694550,833,833,833,833
642,991924,1025071,1012973,1007471,1047,1053,1058,1059
643,753661,738883,795334,794452,1022,1024,1028,1034
644,813720,797839,783216,797530,1309,1349,1534,1556
645,724093,709328,694550,694550,1201,1201,1201,1209
646,768438,768438,753661,753661,899,899,899,899
647,783216,783135,768369,768438,1273,1273,1273,1273
648,665496,694550,868187,1085234,1681,1727,1987,1987
649,724105,709328,694550,694550,1159,1159,1159,1159
650,729897,763012,748235,744194,1990,1990,2046,2703
651,596800,667833,673051,678719,2014,2063,2376,2512
652,772953,774116,756486,756486,1283,1288,1295,1300
653,744939,774484,744928,761721,2884,2884,2884,3034
654,569984,712480,767168,773942,4011,4051,4108,4277
655,897666,921369,905967,921217,3915,4063,7977,8003
656,854383,800874,775526,775431,1895,2353,5663,5671
657,650589,635715,625860,625863,2860,3252,3560,3710
658,789465,788388,773574,771747,1400,1402,1474,1669
659,655096,719376,704598,709746,1057,1057,1065,1065
660,749133,771179,759584,746641,1175,1176,1294,1452
661,831801,846796,818425,818499,2332,2460,2682,4020
662,836485,824844,795289,810066,1437,1437,1453,1473
663,842327,827549,812771,812771,985,1081,1081,1081
664,712428,694434,674238,668926,2831,2849,3059,3173
665,678050,740376,728920,728920,2420,2444,2625,2720
666,684514,855643,1047662,1085396,1502,1502,1650,1704
667,506732,633415,791769,823499,1973,1973,1973,1985
668,641922,667314,661154,658749,2152,2249,2460,2649
669,671161,687058,686318,694431,2914,2954,3414,3654
670,816276,830346,804311,799560,2256,2377,2393,2497
671,994469,1129962,1100406,1102679,4184,4190,4282,4282
672,659691,666043,662816,662816,1577,1577,1577,1577
673,405457,506822,598384,614981,1457,1517,1545,1575
674,802024,792505,779736,781301,1848,1860,1956,1993
675,766154,737322,724913,727765,1747,1779,1814,1829
676,598968,703007,688216,696940,3248,3245,3266,3265
677,594712,707623,733770,733843,3865,3865,3865,3865
678,738426,771682,757625,758534,905,905,921,943
679,620662,681934,686093,700871,2914,3358,3402,3434
680,751776,757326,741276,763730,2345,2401,2618,3145
681,736618,721904,721904,725292,1233,1233,1233,1233
682,721137,722907,723772,725600,1827,1828,1840,1859
683,678957,679816,665028,681001,1377,1401,1461,1461
684,742206,749714,740190,760261,2428,2431,2460,2478
685,724105,737089,722311,737222,1890,1890,1930,1930
686,668670,798650,807794,810867,2155,2371,2602,2602
687,626341,675600,686983,684149,1660,1660,1680,1686
688,770143,768438,774983,766750,2973,2973,2973,3018
689,886207,857104,857063,860766,1468,1470,1485,1581
690,890628,879945,865167,852480,1996,1996,1996,1994
691,1004048,990103,979559,979677,1135,1177,1183,1189
692,799598,851822,846539,846786,1133,1133,1133,1136
693,844758,830010,815232,814489,1349,1350,1350,1350
694,902852,888361,873726,860726,1776,1915,1932,1936
695,1029925,1020758,1015478,1016479,2660,2697,2796,2815
696,1005899,1031148,1004435,990645,1873,2125,2439,3035
697,1170753,1463441,1650491,1666497,1519,1661,2216,3603
698,1045472,1044853,1041645,1057968,2251,2322,2431,2488
699,1096404,1111127,1081615,1080405,1676,1704,1866,1902
700,817036,854801,863261,873327,2966,3189,3280,3776
701,953271,957960,965272,982001,2585,2660,2821,3137
702,829341,850387,853556,887817,4527,4871,5086,5759
703,1162973,1151195,1151200,1165236,1232,1289,1332,1389
704,1406478,1376400,1376514,1391879,1205,2149,2610,6020
705,742510,768725,792874,807213,3451,4458,5414,9506
706,1754731,1836864,1865011,1905360,1016,1327,2330,3208
707,632701,680418,704151,734791,2531,4784,6207,6884
708,834611,847928,869623,877010,3455,3443,4045,4081
709,790235,797793,796284,801394,1878,2027,2133,2308
710,670448,711607,737929,746891,2130,2137,2141,2238
711,786541,830108,843484,843462,2578,2875,3195,3830
712,1502214,1564667,1559217,1556238,1545,2333,3623,4127
713,1680155,1722247,1690195,1690764,1521,2359,3508,3871
714,2157539,2157539,2157539,2216650,301,307,309,311
715,919099,897956,893263,885809,2601,4558,7477,8311
716,503839,586840,596289,596234,1729,1782,1874,1927
717,574030,603859,606452,606452,2320,2489,2491,2511
718,565860,609739,598312,598298,2910,2910,2911,2911
719,551469,562891,562891,562891,2806,3421,3421,3421
720,727804,771992,847486,856442,1284,1308,1799,1813
721,745248,745248,740153,740153,3300,3301,3339,3522
722,499231,527034,526613,526386,3029,3035,3168,3191
723,624860,687172,697404,695729,2402,2592,2884,3023
724,634150,743869,738664,742731,5325,5385,6427,6801
725,560577,686456,686437,675025,1364,2419,2423,2423
726,659724,695726,700888,700888,3088,3088,3088,3094
727,497559,532012,531840,520757,1062,1062,1062,1062
728,629797,699652,692939,681211,4129,4125,4984,5297
729,220593,275741,344676,430846,2535,4381,6546,6761
730,488393,606431,602190,625068,3388,4499,4499,4499
731,734456,768400,810609,862881,3288,3292,3648,3648
732,454490,485181,485181,488238,2021,2021,2021,2021
733,572697,599969,603574,639431,2087,2084,2109,2109
734,685727,693298,693307,708474,2889,2950,3060,3102
735,1406809,1530074,1437743,1368089,1571,1820,1868,1897
736,693582,707356,711887,703870,3001,3146,3147,3148
737,582777,605631,605631,605631,1535,1535,1535,1535
738,666061,683687,694450,694450,2015,2015,2023,2023
739,665725,732938,744365,759101,3047,3067,3222,3234
740,607457,642692,653980,653980,1239,1239,1247,1256
741,936827,959681,964072,952645,1707,1707,1707,1707
742,503327,628485,628485,628485,8054,8054,8054,8065
743,620163,639285,632020,630805,3316,3328,4209,4247
744,815571,822061,838681,834013,2157,2235,2278,2295
745,712090,732090,754878,751771,1738,1739,1741,1751
746,875747,966615,977495,981990,2663,2907,3512,3704
747,835489,869863,869768,858463,1214,1218,1219,1219
748,594204,605444,605445,612763,1252,1254,1254,1254
749,720943,725125,728057,740666,2424,2450,2573,2571
750,434226,390803,351723,331936,27,118,343,411
751,525642,571350,594204,617058,30,46,45,54
752,514655,501259,533353,543849,649,682,683,707
753,719901,731328,719901,719901,1495,1494,1497,1499
754,724911,770680,770564,770453,1259,1271,1286,1301
755,694357,699736,688308,674193,3220,3222,3223,3223
756,603748,643345,661156,664690,2227,2375,2993,3094
757,491361,514215,514215,540785,824,830,853,853
758,557054,554150,549909,550053,1928,1934,1941,1943
759,738675,729563,715876,709095,2355,2355,2355,2355
760,617442,555698,536262,558136,1846,1856,1863,1873
761,582976,548229,591282,615874,4361,4797,5489,5761
762,643984,621651,636248,685022,3048,3143,3337,3384
763,276111,345139,431424,539281,5089,5090,5150,5228
764,694728,732428,717378,722295,2813,2870,2870,2872
765,563127,577517,584833,575461,945,945,945,945
766,593319,624934,616173,619093,1213,1213,1213,1213
767,600509,655892,659017,673043,3335,3367,3368,3368
768,638246,743635,765959,772750,2778,2781,2781,2793
769,694027,684952,677971,672549,4620,4674,4828,4933
770,491105,542291,542291,553034,1919,1919,1919,1919
771,581841,632857,647488,666390,2503,2504,2504,2505
772,577693,642263,652519,675373,1735,1735,1735,1735
773,557487,640739,664875,676159,2167,2167,2169,2169
774,613300,599132,599211,621074,3904,3931,4022,4144
775,755299,750695,756422,763678,5046,5051,5122,5285
776,484747,544398,567581,571350,3096,3158,3238,3308
777,659288,790026,760442,783536,5050,5061,5135,5277
778,626035,595962,622960,637049,9639,9665,10256,10327
779,600735,613515,600906,600506,1643,1657,1687,1691
780,720399,766126,766144,766144,1057,1059,1060,1060
781,691032,717273,720658,725257,3034,3037,3038,3038
782,549874,567313,564346,564264,2637,2652,2665,2666
783,735980,744949,735016,752748,1894,1894,1894,1899
784,713948,642554,583377,604737,1862,1866,1866,1866
785,534085,538101,543076,548897,4009,4009,4053,4082
786,568867,580439,591868,581533,1445,1445,1445,1445
787,440641,479934,484486,484493,2638,2670,2771,2794
788,525863,535896,534477,534653,2168,2168,2168,2169
789,491361,526019,526911,527455,1485,1486,1486,1486
790,574024,608567,607885,608382,1551,1590,1618,1637
791,404164,427956,428190,428407,975,975,975,975
792,537464,560364,560411,560411,984,984,984,984
793,426681,469443,473683,473683,1819,1819,1819,1819
794,548496,594204,594204,594204,883,883,883,883
795,544517,606261,615668,610964,1051,1051,1051,1051
796,532639,577089,577089,576457,1986,1987,1987,1989
797,552720,542979,547471,549205,2635,2639,2639,2639
798,551923,574474,585824,597251,2401,2404,2407,2407
799,587278,607657,624214,609896,1843,1849,1991,2002
800,616702,633288,633226,627016,2083,2084,2085,2086
801,563963,633168,656506,681760,3298,6831,7756,7760
802,445272,482714,493894,500451,1438,1441,1444,1448
803,1148647,1245430,1355498,1388395,1103,1103,1137,1252
804,575159,596492,596492,593901,1125,1125,1128,1130
805,557405,560792,562498,559820,2196,2196,2196,2196
806,499291,494143,494114,504831,4829,4838,4837,5117
807,445653,434226,434226,445653,782,782,782,782
808,478915,491438,492672,493251,1043,1043,1043,1043
809,491361,502788,502788,502788,593,593,593,593
810,393110,491388,530199,542914,4805,4805,4806,4820
811,585096,583206,570969,539348,2631,2727,2841,2895
812,567502,564896,567416,564813,1158,1159,1160,1161
813,623692,617678,606851,656171,1180,1181,1182,1182
814,411372,445653,445653,434226,954,955,955,955
815,568820,606234,614616,662451,1382,1384,1386,1400
816,535796,539402,554435,558548,862,862,865,865
817,561572,634356,665320,709729,2537,2537,2538,2541
818,507539,527029,547212,554169,1549,1549,1555,1555
819,580366,565251,557914,574314,692,692,692,692
820,703423,839805,852826,858973,5027,5167,5475,5665
821,815505,826194,820269,855156,2532,2552,2615,2705
822,767343,791679,791659,781184,1094,1119,1139,1152
823,539098,562004,550059,561712,3380,3401,3439,3493
824,447054,446022,472500,497996,1452,1644,1947,2020
825,565475,571182,571182,583860,1904,1904,1905,1908
826,709300,749777,749570,787415,1743,1743,1743,1743
827,581947,600310,606431,618674,1542,1542,1542,1542
828,367503,459379,471085,488917,2553,2648,3891,3995
829,508104,491649,485204,475787,1178,1197,1245,1267
830,559964,560170,560170,571597,1939,1939,1939,1940
831,579397,599223,617231,616701,1650,1650,1664,1669
832,572054,581105,586507,591176,1916,1988,2066,2132
833,434226,457080,468507,479934,1536,1536,1536,1536
834,461182,472551,482967,471540,1727,1727,1727,1727
835,457930,508044,539001,542361,1787,1863,2123,2242
836,533775,551496,554643,566070,1554,1554,1554,1554
837,541019,547060,566877,590375,5150,5209,5668,5771
838,441482,469110,485207,508055,1745,1919,2490,2558
839,407005,469018,481376,510767,2164,2293,2440,2484
840,603462,627081,627049,639824,3034,3035,3062,3062
841,616655,632648,624832,645200,2550,2555,2626,2633
842,575159,584481,608086,619513,1743,1745,1752,1747
843,573112,573058,573040,576790,1466,1478,1498,1507
844,740046,782015,772136,770351,3572,3607,3676,3749
845,626268,678277,678073,677726,2814,2824,2827,2864
846,497075,508256,508407,511414,2196,2211,2229,2242
847,520714,570552,577836,591377,1825,2056,2555,2610
848,589834,616252,624361,678783,2709,2770,2771,2793
849,536117,547357,548280,558737,1416,1420,1420,1426
850,554459,600652,600347,600055,1349,1365,1365,1379
851,571350,605631,605631,594204,765,766,766,768
852,590974,616747,616645,616570,2236,2246,2247,2260
853,604252,615227,619344,627313,2237,2245,2247,2254
854,524127,577426,599950,644555,2474,2479,2721,2743
855,449681,476254,491348,499249,2400,2582,2791,2849
856,515425,521349,525545,528584,2702,2704,2740,2771
857,370603,402901,426911,441149,1527,1943,2175,2288
858,497174,518833,525105,518817,3106,3106,3106,3108
859,427774,488815,488815,489596,1463,1463,1463,1463
860,566666,567917,551717,556360,1971,1995,1995,2000
861,437864,485537,496964,496964,2233,2233,2233,2233
862,610524,610480,609911,626798,3489,3489,3490,3498
863,513014,585720,666537,693169,1618,1618,1618,1618
864,436196,545245,572472,574641,4831,4832,4933,4933
865,418674,464382,480118,481777,1457,1457,1457,1457
866,539869,583632,584405,584263,1518,1530,1537,1538
867,562604,593374,624144,624063,1087,1087,1088,1092
868,468975,505264,505264,516627,1514,1514,1518,1520
869,644774,660135,670133,699408,2945,2945,2951,2956
870,420421,500372,509599,527312,1749,1749,1781,1781
871,524000,551264,592616,631561,4816,4827,4926,5002
872,517662,571222,598747,598709,3013,3014,3014,3014
873,621507,630192,634360,645787,1839,1841,1978,2006
874,0,0,0,0,0,0,0,0
875,333002,339280,354994,382560,1094,1236,4037,4953
876,317386,357131,368962,379171,676,676,676,676
877,463441,483062,525059,556282,882,882,882,882
878,394197,424799,438544,457366,1670,1830,2001,2192
879,427803,447399,454483,466788,1313,1393,1449,1482
880,448193,435235,445440,457243,1318,1431,1499,1502
881,412562,429068,432485,438498,1575,1607,1647,1664
882,410119,429311,424911,432042,1149,1149,1149,1192
883,656220,667638,667399,656428,1159,1201,1232,1239
884,728617,716404,714706,715004,1416,1432,1441,1444
885,734921,739945,737359,720604,2430,2558,2854,3073
886,549481,560480,575233,582481,2041,2089,2115,2119
887,548448,551834,565898,573635,1434,1465,1465,1503
888,444334,451236,454383,470908,2044,2087,2092,2127
889,380312,399640,411076,428787,1433,1435,1483,1488
890,408392,408236,424427,437006,1695,1716,1763,1835
891,410108,419910,439760,440310,1736,1767,1829,1873
892,400860,427707,440466,486265,1261,1646,1729,1821
893,379750,412294,437395,441377,941,975,1189,1304
894,421662,440062,465756,472344,1166,1288,1373,1461
895,422892,428831,445678,455362,1356,1444,1915,2220
896,313375,360450,397120,410486,1113,1287,1659,1950
897,384639,435130,462357,462793,1249,1255,1331,1415
898,462985,471763,475933,498089,1494,1561,1609,1656
899,425048,447764,458326,463146,2739,2830,2942,3055
900,421208,421864,423089,427645,1982,2000,2417,2464
901,486223,502331,507562,507535,1855,1855,1941,2042
902,475548,475498,479891,498320,818,818,833,833
903,467927,478930,481768,482237,1892,1892,1898,1898
904,514647,516318,521621,527049,3356,3374,3459,3489
905,514984,529607,526864,533144,2763,2908,2979,3040
906,467307,480606,485472,484935,2323,2351,2441,2463
907,686380,658195,662070,663867,2346,2346,2346,2369
908,594354,586724,590576,588389,1522,1566,1713,1716
909,528712,533466,538982,539200,1459,1459,1470,1470
910,687602,649089,637368,641702,3039,3059,3107,3128
911,724124,733990,738565,731974,1648,1660,1771,1778
912,697406,697165,685963,674645,1815,1862,1906,2012
913,685620,685620,673155,673174,2594,2637,2678,2702
914,809990,810002,798414,783316,2049,2139,2267,2314
915,706624,711937,699517,702235,1439,1453,1463,1471
916,709680,696577,686689,673087,1421,1422,1463,1468
917,754772,735428,733575,735351,1938,1938,1940,1957
918,859377,859284,859349,859274,2245,2257,2266,2282
919,828425,815093,804896,795961,688,691,693,693
920,759774,761017,759996,760474,846,851,854,856
921,595294,597347,591417,591278,1321,1333,1461,1475
922,644383,647479,642213,631650,2221,2238,2262,2297
923,495063,483307,491926,492383,3105,3153,3279,3319
924,461000,494560,502030,512428,2673,2732,2860,2878
925,452342,519611,526796,539788,2091,2225,2412,2582
926,345045,427177,450591,462265,2193,2868,6205,6610
927,439830,489608,505340,515720,1303,1322,1455,1496
928,410045,491978,502135,502068,1834,1890,1911,1942
929,451550,480980,501543,500778,1463,1494,1549,1639
930,553303,597329,606382,618689,1752,1815,1878,2028
931,485449,492067,500280,507680,1529,1530,1551,1556
932,483700,494083,498256,498381,1611,1639,1672,1681
933,443965,510858,510483,509826,2566,2649,2878,2920
934,422583,518848,529435,540916,3495,3555,3581,3595
935,508882,549717,557845,568287,1729,1732,1755,1879
936,527850,573112,579627,570887,1687,1687,1707,1707
937,702702,730951,719529,708546,1659,1730,1746,1757
938,740398,755303,758734,745124,1653,1653,1653,1653
939,642702,691200,679797,668441,2187,2187,2213,2213
940,563392,623788,602443,602089,2579,2666,2677,2697
941,593128,612721,600566,611419,2761,2761,2761,2768
942,478594,532967,532967,544153,5373,5373,5389,5389
943,537854,588520,600331,608834,2665,2673,2682,2682
944,440882,530317,530370,541195,3789,3889,3931,3952
945,433978,479787,514070,536909,6134,6182,6218,6225
946,328412,410515,487392,507762,5950,6378,6956,7013
947,325962,407452,431797,454246,1446,1800,2486,3165
948,497501,576644,585316,590908,1608,1633,1732,1748
949,644256,653011,688517,696579,2462,2600,2895,3083
950,643984,668130,675383,680147,2433,2433,2437,2437
951,474858,512959,527853,527407,2537,2552,2558,2568
952,376089,453274,470111,481442,2554,2558,2558,2558
953,547386,571350,571350,581697,2450,2478,2483,2499
954,545093,626687,645468,647047,1652,1660,1660,1660
955,505835,603959,624826,646417,1579,1594,1598,1598
956,631470,670125,691988,700051,2347,2351,2357,2370
957,557107,696384,870480,1041984,1534,1540,1542,1552
958,586169,732712,890137,906965,2560,2570,2570,2572
959,649012,674904,686093,693425,2313,2314,2316,2317
960,628722,649754,630264,631053,1885,1976,2007,2022
961,414467,399795,393664,388063,1329,1444,1539,2014
962,669335,701554,745668,778157,2531,2532,2532,2532
963,575839,653907,673665,676761,2594,2599,2599,2676
964,0,0,0,0,0,0,0,0
965,351481,439351,467743,500683,369,415,462,475
966,157646,197057,246322,307902,49,451,702,843
967,247523,309404,278464,314255,62,202,292,317
968,330094,412618,515773,578336,3991,4039,4077,4201
969,273172,341465,426832,444413,935,1100,1112,1129
970,261611,327014,408768,443603,4761,4905,5195,5284
971,251361,314201,392751,456830,2074,2378,2446,2461
972,411144,480644,469282,501911,3802,3888,4137,4238
973,558609,639580,619192,619016,1635,1725,1870,1875
974,667765,676289,675479,662004,4675,4695,4821,4905
975,464041,525019,531798,534739,1781,1872,1994,2013
976,380866,476082,491745,503084,2688,2725,2772,2795
977,429236,472378,482975,482454,3783,4056,4319,4465
978,339626,424532,488185,497842,2225,2398,2726,2787
979,249449,311812,389765,417865,3573,3745,3978,4092
980,287057,358821,417847,429236,1422,1443,1532,1563
981,259152,323940,404925,450631,872,876,1252,1278
982,328428,404287,426164,437827,963,1035,1199,1220
983,335288,419110,447174,457618,1027,1064,1118,1145
984,318923,398654,478235,478156,177,183,206,206
985,355749,444687,519605,545579,272,298,466,534
986,424942,522541,534325,534700,1221,1528,1613,1647
987,349263,436579,467513,478081,680,809,865,882
988,265076,331345,384819,416326,2817,3108,3826,3965
989,313941,392427,430442,430756,1271,1527,1598,1661
990,278139,347673,395161,388323,1025,1203,1416,1525
991,382018,464971,487519,499053,7784,18784,21615,22240
992,410604,479835,479868,472193,1383,1386,1386,1390
993,440824,492782,492496,500381,1732,1736,1765,1777
994,385434,454135,476989,476989,830,830,833,833
995,451209,555232,577615,577615,1810,1858,1862,1875
996,454614,496787,512685,506705,1946,1957,1986,2023
997,518405,529256,523491,518161,690,735,754,767
998,650187,681079,677183,676766,4713,4752,4775,4901
999,717410,721045,730232,730367,890,900,1087,1116
1000,647095,657807,655411,649648,1761,1791,1938,1980
1001,613397,660801,667599,663870,1751,1781,1839,1849
1002,535136,614837,625142,636337,881,897,897,902
1003,707948,749043,749043,749043,1303,1303,1303,1303
1004,820475,823368,822899,810908,1314,1339,1339,1344
1005,631344,664601,664264,665830,1411,1466,1549,1627
1006,736204,761736,761736,761792,1767,1768,1768,1768
1007,529368,551037,635786,658272,1923,1930,1935,1940
1008,340883,426104,477205,499898,2420,2420,2420,2420
1009,435035,543794,568561,590704,3164,3164,3166,3167
1010,548185,621600,623791,633161,1945,1945,1945,1945
1011,430871,516658,532167,555497,2595,2747,2763,2787
1012,560488,609681,621268,636194,2184,2187,2189,2190
1013,463253,502670,509157,521346,1742,1742,1742,1745
1014,392576,446462,467932,468861,1954,1955,1971,1971
1015,421710,500742,525713,534323,1238,1238,1240,1242
1016,545002,595505,611964,613052,2613,2611,2611,2611
1017,656368,707569,707489,719397,2822,2822,2831,2834
1018,364760,455950,534100,556921,3287,3287,3300,3300
1019,402292,463680,498467,516328,112,112,113,113
1020,536453,592585,613348,624775,1856,1857,1858,1858
1021,517316,585355,596302,607043,2701,2701,2701,2724
1022,793957,854635,852007,863972,2309,2309,2309,2309
1023,641922,678021,688330,688250,1791,1807,1808,1808
1024,449010,489709,507078,509291,1171,1191,1192,1192
1025,575538,587628,603542,604669,1891,1889,1894,1893
1026,660425,671852,675993,675993,1103,1103,1103,1103
1027,561284,611835,611835,602602,2041,2041,2041,2041
1028,709028,713536,713107,712894,1713,1729,1751,1761
1029,759830,748699,758590,759422,1653,1672,1699,1707
1030,677901,677976,689468,700878,869,874,879,883
1031,740549,740508,751890,751580,1595,1597,1603,1604
1032,658667,670094,659657,658667,669,670,671,671
1033,681308,692668,682608,682538,1826,1828,1828,1828
1034,644741,651666,667402,672158,1583,1682,1724,1728
1035,545554,570019,583837,582196,1002,1019,1023,1023
1036,507824,524321,492194,493385,1434,8050,8081,8438
1037,435266,471952,484016,497501,934,942,974,983
1038,0,0,0,0,0,0,0,0
1039,522087,546355,559066,564768,1726,2003,2094,2109
1040,269809,337262,363835,364012,1153,1363,1366,1648
1041,283832,328188,338204,330360,1600,1774,1774,4421
1042,330997,354532,346751,346751,1069,1069,1069,1071
1043,434680,434672,434655,426476,1357,1361,1361,1362
1044,428868,429056,421203,421004,1338,1339,1340,1340
1045,498895,521612,515030,514536,1565,1569,1570,1573
1046,373709,381995,381831,381672,1241,1243,1244,1249
1047,344979,377973,371329,370623,1826,2098,2286,2286
1048,313866,356532,348687,348687,2042,2042,2300,2308
1049,292317,323409,323469,322170,3834,3984,4255,5164
1050,307180,349880,363419,364070,3828,3869,3870,3870
1051,374371,427380,420811,417546,3815,4775,5177,12239
1052,413156,421476,421469,413624,792,792,792,792
1053,370180,378400,378387,378774,2181,2182,2186,2186
1054,303904,321111,321597,328372,1830,1830,1830,1832
1055,282166,303176,309336,309199,3375,3375,3439,3458
1056,264451,292935,299854,300392,2724,2715,3745,3937
1057,309304,336983,341421,344900,1882,1966,1970,2045
1058,275455,318480,316587,325634,4566,4566,4862,5229
1059,253409,294600,300763,305880,6256,6921,9079,9215
1060,232283,265518,271180,272676,3909,3902,4036,4049
1061,275016,279569,284156,290511,3235,3241,3363,3367
1062,301778,377223,382894,382967,4124,4268,4266,4267
1063,254695,287920,291605,299395,3413,3417,3418,3502
1064,314103,353467,354613,358602,3072,3072,3126,3126
1065,298212,324208,331175,331155,4466,4468,4469,4477
1066,348374,388535,403813,402494,6563,6569,6573,7079
1067,294450,326856,326842,326828,4785,4793,4892,5958
1068,183419,229273,286592,311532,2899,2924,2924,2925
1069,292514,365642,399143,394284,6411,6513,6507,7172
1070,317681,350208,350208,353205,2562,2562,2562,2562
1071,287378,315167,317651,315668,2438,2441,2441,2444
1072,254914,310204,318009,323108,2097,2090,2328,2328
1073,401199,448454,453746,456298,5473,5473,5474,5474
1074,407361,430129,425671,430089,4888,5128,5136,7079
1075,361335,390419,394447,394369,2478,2494,2509,2514
1076,336798,360171,360238,360201,1583,1588,1589,1590
1077,377884,415019,416202,414494,2499,2664,2665,2666
1078,531077,552526,552564,547136,4304,4303,4306,4308
1079,417601,440799,441768,434120,4778,6491,6655,8197
1080,362814,384481,384362,384343,2161,2301,2302,2544
1081,354089,377440,377431,377403,1531,1531,1531,1703
1082,372327,395778,398380,397982,3019,4626,6331,9257
1083,271699,330416,361788,360614,5723,6975,10599,13611
1084,414688,444175,444174,436114,2958,3230,3268,3275
1085,446419,471320,464387,464837,1686,1686,1688,1689
1086,418002,417735,494209,479093,2088,2169,2386,2408
1087,535798,551461,551415,542956,2740,3241,3785,3798
1088,472654,508912,507119,509183,1250,1251,1254,1906
1089,317546,367541,377601,383765,2163,2484,2733,2791
1090,324889,356868,359453,369415,1381,1391,1409,1445
1091,353904,392364,396036,395678,3184,3200,3215,3224
1092,188870,236088,258946,274537,1091,1489,1602,1828
1093,261688,285166,296993,301358,1166,1254,1259,1269
1094,368499,389036,388944,389743,3477,3494,3532,3536
1095,374756,442475,451255,453194,2230,2286,2288,2321
1096,392623,432976,443715,446380,5639,5702,5708,6079
1097,376590,397998,429719,410942,1813,1841,1960,1960
1098,355158,443947,554934,693668,2794,3743,5220,6057
1099,425951,443072,449428,441572,4503,4504,4514,4535
1100,464622,490896,490849,490837,5023,5025,5030,5035
1101,459023,474621,474121,467256,2103,2104,2106,2106
1102,691036,794019,801605,807376,482,482,484,518
1103,353013,400235,407926,400235,3716,3720,3720,3720
1104,421274,420801,429058,421213,2580,2582,2584,2584
1105,339064,354877,354750,354502,631,631,631,631
1106,410986,429425,429312,425756,4901,4909,4926,4928
1107,406412,426092,436695,431769,2736,2737,2740,2740
1108,356136,365712,372980,372980,2881,2881,2882,2883
1109,363072,380117,387955,388632,3832,3833,3833,3833
1110,391205,418546,422016,429750,4815,5580,5797,5843
1111,300717,324461,324485,324215,2883,2951,3813,3833
1112,329108,354383,354383,354383,3453,3906,3894,4529
1113,278643,340251,336671,340536,6224,9110,14498,17589
1114,345790,407796,407796,412566,4681,4840,4840,4840
1115,351583,387391,382581,381978,2156,3020,3104,3158
1116,389356,407893,417529,417483,2176,2330,2328,3439
1117,450165,462049,465789,457944,2032,2038,2044,2044
1118,447546,480519,471055,467935,7525,7526,7526,7526
1119,351892,400963,408778,408778,4375,4382,4402,4402
1120,387846,410691,414901,422076,4058,4059,4060,4060
1121,363426,404564,406292,409557,16424,16528,18956,20125
1122,386931,440701,448640,450935,13167,13175,13176,13176
1123,402555,421256,421234,428575,4129,4138,4138,4138
1124,414331,446049,453712,458827,3483,3486,3651,3662
1125,442991,465351,466482,466482,2705,2712,2717,2724
1126,387442,411347,419137,411613,3713,3715,3729,3730
1127,412840,427348,433701,435833,3764,3789,3794,3794
1128,377141,392831,400675,400072,2653,2654,2654,2654
1129,453113,471747,476610,476610,4145,4148,4148,4148
1130,470850,479911,486527,478050,1833,1833,1834,1834
1131,687286,703927,696469,688330,3125,3128,3165,3180
1132,682388,698487,706226,698475,2132,2144,2187,2217
1133,508615,526871,526422,526198,3940,3942,3986,4049
1134,455488,480574,488285,480440,4606,4608,4612,4616
1135,368556,422955,422797,422762,3966,3975,3985,3987
1136,475914,533401,535951,535951,3646,3646,3653,3653
1137,522708,561931,552521,543126,2672,2672,2672,2673
1138,564551,577652,584109,565765,3316,3317,3319,3323
1139,549131,556976,549131,541286,1503,1504,1504,1504
1140,560710,577847,570365,561434,1647,1647,1647,1647
1141,521034,536724,534667,526810,2825,2825,2851,2851
1142,625444,655874,658168,657420,3073,3074,3170,3172
1143,529006,568129,568028,567841,3642,3643,3649,3652
1144,563077,586573,589048,583420,2349,2350,2352,2358
1145,297093,371367,411852,420011,8780,9188,9285,11229
1146,388056,428271,432768,441668,4699,4718,5686,6375
1147,852774,919143,897551,924407,8116,8129,8177,8208
1148,243019,303774,351148,358397,3473,3475,3501,3521
1149,555536,579071,571034,570957,3183,3183,3202,3205
1150,439446,477240,485692,491345,4494,5595,6438,9811
1151,628198,643949,643915,643899,2786,2790,2864,2963
1152,554382,582628,619399,614359,4409,5918,6772,8570
1153,667214,675688,686628,690336,2018,2013,2024,2050
1154,688432,786613,783503,785819,3667,4444,5624,7094
1155,580820,604368,604346,604328,836,843,902,934
1156,670500,688016,694754,686652,2011,2037,2087,3017
1157,478661,543791,576685,569940,1837,1832,1863,1886
1158,616715,668008,758420,762855,3199,3220,3250,3818
1159,630785,689730,682030,681520,1201,1217,1223,1224
1160,584965,616690,616622,616755,2553,2558,2571,2592
1161,598641,630305,636481,630209,8186,8221,8231,8242
1162,498357,536504,539733,538605,707,708,710,711
1163,581489,581394,589238,581376,1738,1739,1754,1762
1164,730186,746452,745858,738328,2594,2597,2638,2708
1165,730622,757189,760087,760866,4047,4049,4064,4087
1166,600227,616612,616562,616203,5684,5686,5716,5733
1167,561842,579661,579370,570849,6280,6288,6326,6376
1168,494038,549727,601759,657286,5937,5990,6040,6149
1169,499160,523399,532951,525106,3486,3483,3483,3483
1170,446710,485240,493535,492530,5999,6008,6018,6024
1171,592714,619064,652056,664772,5294,5455,5540,7565
1172,446008,461697,469542,465049,3745,3745,3745,3745
1173,447149,470684,478528,470684,2178,2178,2178,2178
1174,517908,525753,532751,532751,3069,3069,3069,3069
1175,516474,566952,600590,606114,6630,6679,6819,11132
1176,407031,498859,520156,519219,18881,18990,19288,19452
1177,356167,413950,440185,457678,9549,11012,13065,15818
1178,317826,397282,425330,432362,18189,18765,20302,22084
1179,260045,325056,406321,429935,10694,10934,12570,15261
1180,327109,408887,491341,498943,6951,7099,8118,8844
1181,313925,362920,378578,394837,2422,2452,2491,2530
1182,425366,531708,664635,744404,5134,9710,10765,12685
1183,481887,479425,458759,478363,2861,3190,5848,6619
1184,384392,408490,423902,423901,2043,2062,2103,2110
1185,326517,376168,383942,383840,6746,6747,6833,6883
1186,411636,432486,441363,440321,7928,7930,7936,7937
1187,354549,362394,362961,362374,4161,4161,4164,4166
1188,373730,384327,387137,394933,5497,5507,5510,5512
1189,248671,290344,293640,299290,4647,4649,4834,6628
1190,183895,229869,287337,325727,1903,1932,1933,1933
1191,307675,319198,327013,326983,2448,2448,2449,2449
1192,324529,333199,333227,333637,1883,1883,1883,1884
1193,457937,465922,485822,485822,4599,4599,4783,4783
1194,577860,582557,588549,585553,2949,2949,2949,2951
1195,325666,403996,421587,422595,7679,7701,7712,8314
1196,391391,483257,478219,469123,3275,3275,3302,3308
1197,393698,404547,417525,420237,1449,1449,1451,1451
1198,342477,381682,387076,376798,2055,2056,2056,2056
1199,340043,352573,355827,382483,4240,4274,4279,4287
1200,372487,396184,398090,404103,3691,3713,3751,3766
1201,413039,394020,396654,426557,1453,1453,1463,1463
1202,350880,343669,346078,361361,975,975,980,1287
1203,282179,325158,323268,324045,1560,1565,1568,1568
1204,308783,330008,337784,337605,1017,1029,1035,1040
1205,322753,318694,322357,322365,1037,1643,2987,3216
1206,248518,304902,306866,303115,1773,1871,1974,2064
1207,398629,459899,443902,443859,2875,2886,2886,2888
1208,342870,342235,361551,359010,2349,2507,2680,2780
1209,402627,405508,413992,418075,2021,2059,2078,2100
1210,334811,350227,353666,361152,1527,1529,1540,1542
1211,240432,277441,272497,277761,1771,3097,3652,3883
1212,224387,251463,254763,258012,2529,2839,3053,3142
1213,273318,302972,307756,314449,1343,1364,1365,1365
1214,308137,330781,330781,333051,1430,1434,1434,1434
1215,266584,304572,307185,307190,1726,1728,1734,1737
1216,295744,351097,359254,361220,1326,1342,1347,1344
1217,410005,512507,640634,767303,2250,2265,2268,2268
1218,288832,311395,306562,304883,1745,1756,1762,1763
1219,294865,318975,318968,324665,1206,1207,1208,1209
1220,299287,327246,320549,313852,3511,3512,3513,3514
1221,271945,285281,285398,277445,1571,1574,1589,1617
1222,244546,261552,254851,258282,1166,1166,1167,1167
1223,201932,236201,230798,237480,1185,1193,1198,1199
1224,155752,189720,196206,196672,1487,1531,1526,1526
1225,212490,249658,254504,258043,1315,1345,1349,1358
1226,212145,229420,236150,237951,1237,1237,1241,1241
1227,229796,246506,253208,252885,1319,1321,1324,1324
1228,273055,302572,295870,296361,849,849,849,849
1229,246162,254656,254656,256423,1417,1417,1417,1417
1230,297280,306396,301840,301861,2764,2765,2774,2774
1231,228897,243745,237753,237753,1280,1281,1281,1281
1232,203162,224458,225779,225759,1215,1218,1219,1219
1233,261316,275324,268617,268315,1284,1285,1287,1288
1234,175471,218542,221730,225243,1522,1523,1521,1521
1235,173763,217204,232283,240022,1214,1214,1214,1214
1236,225324,264571,271190,271162,1817,1824,1825,1825
1237,136071,170089,212612,230939,978,1050,1050,1050
1238,67768,84710,105888,132360,160,291,291,291
1239,274760,288163,288163,281462,1051,1051,1051,1051
1240,239714,267215,267215,267314,1485,1485,1485,1485
1241,243199,303998,354209,363716,2487,2488,2488,2488
1242,283223,294923,296601,294937,2325,2330,2331,2332
1243,222745,262182,255480,255493,1931,1946,1949,1949
1244,245749,272120,271682,277509,1717,1720,1720,1720
1245,247955,274760,274760,274760,1685,1694,1694,1801
1246,228427,285534,310887,311037,4204,4246,4649,4775
1247,234539,288530,295335,295280,3291,3321,4133,5079
1248,310626,370995,377595,377605,3410,3539,4162,5757
1249,371587,399332,404733,405986,1895,1905,3785,4189
1250,256410,271580,287294,295516,1807,1891,1899,2372
1251,265884,293586,299864,314269,2416,2733,4956,9642
1252,0,0,0,0,0,0,82,82
1253,207746,259682,281462,301314,1234,1234,2011,2890
1254,281462,288163,294865,288163,1900,1901,1904,1904
1255,268188,275018,274889,274889,1250,1250,1251,1251
1256,335575,343316,346955,346955,1323,1323,1362,1415
1257,216666,247327,251469,253062,2476,2476,2515,2564
1258,194397,242996,257035,257035,1482,1482,1482,1483
1259,255194,275080,280581,296610,1831,1831,1876,1933
1260,262041,265448,275709,276796,1225,1229,1229,1229
1261,247388,266077,270996,263439,1278,1278,1279,1317
1262,184663,200796,222256,233424,801,937,1286,1404
1263,237430,243079,250714,260122,908,908,912,934
1264,245822,254932,260744,268219,2423,2483,2493,2937
1265,240534,259808,262287,266493,1612,1612,1609,1609
1266,242439,256994,265927,269548,1492,1492,1523,1564
1267,302666,320467,324970,318268,1353,1353,1354,1354
1268,366325,387688,387114,381743,4162,4342,5300,8993
1269,279059,299489,301277,294575,3709,3715,3743,3761
1270,237057,296321,364905,364872,4954,7620,12127,16437
1271,272664,301566,301566,301566,4903,5427,6099,6784
1272,201044,247955,247955,247955,1,1,1,1
1273,271751,293207,292756,293655,1363,1363,1363,1358
1274,216659,247955,247955,247955,2218,2218,2218,2218
1275,204234,241317,244636,244636,1561,1561,1561,1561
1276,328684,329775,323073,325879,1505,1505,1505,1505
1277,273569,286972,286972,280988,2008,2008,2008,2008
1278,282597,296093,289392,289297,1134,1305,1308,1825
1279,426257,473785,483100,484927,2645,2853,2930,3516
1280,283751,312533,312515,307843,5346,5350,5351,5353
1281,158307,197883,210878,206064,2576,2599,2599,2599
1282,293774,318310,319399,319398,4425,4450,4461,4519
1283,271292,274587,274587,274587,1623,1625,1627,2032
1284,241234,262919,262863,264520,2114,2117,2284,2289
1285,335074,341775,341775,341775,1844,1844,1846,1846
1286,592866,632657,626015,626018,1573,1688,1794,1853
1287,703740,827101,809491,807195,790,1644,3129,8450
1288,277565,299322,300032,299881,4010,4015,4439,4668
1289,253914,279626,282845,292989,2331,2689,2721,2800
1290,192315,240394,263196,273670,4145,10747,17144,21968
1291,284198,345347,383792,415716,3032,3045,3809,3986
1292,253583,305395,359422,371159,2949,3055,3290,3634
1293,302609,343368,343368,348949,5017,5017,5027,5050
1294,88232,110291,137863,172329,1,5,5,5
1295,350731,355392,379269,384466,3189,3416,4376,4588
1296,448394,449234,453426,453345,2042,2018,2066,2167
1297,333771,352042,357485,362943,5692,5692,5695,5708
1298,210590,239007,244274,244133,847,847,884,969
1299,237190,238798,243414,246239,1379,1395,1491,1764
1300,344193,336840,340448,336840,1115,1115,1120,1126
1301,298348,301802,301773,301744,1769,1769,1769,1780
1302,381596,384149,380079,380087,3018,3018,3024,3038
1303,418701,432802,440748,450437,1290,1290,1291,1292
1304,376232,368879,376218,376587,2792,2791,2833,2862
1305,286640,279287,286612,288926,1578,1577,1581,1587
1306,327408,373646,385085,381913,5425,5436,5474,5540
1307,404016,412973,418696,411343,2621,2621,2631,2640
1308,715590,732706,735263,729444,2195,2190,2304,2328
1309,602722,598376,598149,599665,2083,2074,2266,2366
1310,253959,278819,281033,286144,1811,1811,1831,1831
1311,644827,702307,702617,700492,5339,5338,5355,5456
1312,768633,866866,889438,894127,1633,1659,1667,1670
1313,833357,854791,862766,856659,2213,2213,2216,2220
1314,429633,435776,439102,440560,2946,2953,3123,3203
1315,900782,955612,1001787,1023220,1720,1720,1723,1724
1316,899009,1028579,1015170,1015838,1183,1188,1191,1197
1317,363489,359969,353720,368619,2638,2643,2698,2824
1318,647082,667691,669716,698055,3630,3636,3669,3742
1319,369644,366675,372650,376547,4707,4707,4717,4780
1320,409494,415743,422834,427844,3022,3025,3058,3117
1321,316637,337815,342063,348977,2487,2487,2492,2497
1322,483837,500262,508380,515445,2315,2321,2323,2327
1323,315086,324267,333278,338846,4249,4277,4286,4432
1324,727353,733810,749235,790315,1296,2068,3013,4018
1325,863163,896479,906223,922522,5442,6987,7664,7828
1326,413361,430573,461872,470331,1835,1834,1845,1851
1327,393594,400639,414105,427334,2247,2263,2265,2269
1328,969292,945322,946122,976806,1666,1670,1673,1699
1329,624052,617820,620414,650910,1395,1395,1419,1507
1330,342016,341584,347819,358865,1481,1481,1487,1493
1331,320643,323345,327943,344449,2380,2381,2391,2487
1332,281925,333592,367885,387079,2886,3763,3963,4129
1333,409222,406588,424220,426050,1520,1520,1520,1520
1334,313449,313504,320629,327754,1547,1547,1547,1547
1335,368921,368921,370852,386955,2933,2933,2935,2935
1336,387449,385370,392052,405443,5967,5967,5968,5969
1337,558814,565160,597365,645616,4467,4564,4676,4756
1338,339647,343699,351293,361354,1890,2125,2232,2278
1339,291000,309779,309768,319174,2489,2506,2654,2725
1340,298898,291829,298989,301671,2769,2769,2778,2809
1341,400924,425854,427205,444739,3618,4106,5492,5565
1342,324204,317106,328255,335353,2259,2259,2259,2259
1343,329167,325243,335293,342642,1714,1714,1721,1728
1344,211326,205829,220024,238264,3294,3334,3334,3377
1345,256894,256894,260752,263992,1387,1387,1387,1387
1346,455185,458011,458645,458645,2151,2151,2148,2151
1347,364234,387802,386860,380705,2200,2200,2254,2504
1348,443538,440327,441789,478388,5099,10856,12014,13156
1349,318535,359945,381092,409787,2497,2895,3008,3214
1350,453050,457975,446117,463745,3464,3563,3568,3573
1351,385094,389578,383399,389578,1513,1513,1513,1531
1352,485732,494488,487391,500617,1563,1565,1565,1565
1353,447416,454259,454142,463617,4355,4360,4395,6200
1354,576764,597040,582555,604382,3540,3557,3586,3659
1355,331414,324480,319708,328241,1327,1329,1329,1330
1356,412166,408406,407578,417520,3111,3150,3156,3218
1357,382226,387931,384251,394659,4839,4851,4856,4861
1358,389830,382861,375763,393065,3126,3136,3393,3393
1359,308823,314833,317224,324466,2467,2487,2489,2497
1360,231311,258706,268265,275428,2299,2331,2338,2342
1361,191573,216949,234242,253878,1972,3488,3508,3609
1362,234595,246577,249838,264104,1870,1978,1978,1983
1363,302301,313034,323967,342800,1398,1763,2270,2355
1364,305066,308123,312431,323271,1864,2148,2171,2277
1365,385764,387970,386931,395068,2196,2196,2196,2196
1366,583725,596187,593750,612912,6681,8583,9540,9772
1367,545527,537196,531091,538156,2520,2908,3237,3575
1368,414377,408825,412279,426271,2449,3607,4462,5137
1369,385543,381219,371829,380250,2135,3031,3191,3462
1370,618309,608849,602603,621225,5192,5195,5213,5339
1371,303647,313185,306088,317837,2218,2218,2222,2232
1372,337084,321102,305540,326233,1633,3718,3747,3814
1373,244611,262701,266012,302254,3137,4695,5247,5296
1374,354845,348057,346883,368081,2739,4691,5619,7137
1375,382240,398580,398580,415442,3655,3655,3812,3817
1376,275660,311579,313704,337291,2139,2579,2886,2968
1377,375842,385495,387241,397509,2114,3002,3025,3167
1378,345167,358757,349031,381483,3038,5780,6029,6405
1379,349129,338917,331784,347974,1569,1596,1596,1746
1380,335930,395591,394340,405615,2234,6687,6842,7960
1381,312625,379502,386292,425415,4123,4414,4998,5702
1382,467259,459449,451638,468885,2549,2549,2552,2566
1383,726708,706491,690521,707368,2524,2524,2576,2793
1384,356302,352253,352099,359172,2773,2795,2818,3112
1385,521896,505134,498037,511037,1751,2521,2524,2665
1386,447481,446415,441495,440300,1826,1840,1846,2163
1387,745678,738581,725291,747489,1819,1820,1857,2162
1388,973383,993245,984407,1000335,1748,1748,1818,1822
1389,511107,568099,566318,584200,2595,2623,2704,2772
1390,256860,315917,320711,346808,3377,3380,3460,3704
1391,283659,331810,341031,369170,3084,3085,3129,3361
1392,544634,546539,536961,551704,2327,2340,2447,3344
1393,419678,436489,435668,456385,1802,1824,1860,2037
1394,332372,401912,424640,440409,3170,3425,3702,4051
1395,317641,344163,353336,362234,4061,4981,4995,5134
1396,389166,412097,427005,437391,4085,4089,4091,4092
1397,427250,460973,477921,506200,2685,2713,3089,3848
1398,313985,321082,329250,336321,1846,1846,1846,1852
1399,318114,328094,336387,348628,2196,2265,2295,2373
1400,963658,1055871,1065211,1089570,1699,1729,1746,1904
1401,1049519,1162280,1147380,1140666,2416,3004,6290,7727
1402,340142,385753,388422,398781,4828,4904,5147,6135
1403,368131,460163,547313,581566,4689,5018,5072,5192
1404,960112,1002868,978321,980510,1101,1112,1197,1301
1405,698920,754496,759088,761167,1035,1036,1055,1274
1406,1007696,1035711,1022940,1022746,710,710,710,710
1407,768274,960342,955025,859522,2407,2481,2538,2559
1408,855011,910537,937511,972011,3197,3218,3343,3441
1409,675385,759208,760623,757656,3208,3218,3407,3458
1410,488053,567726,566676,553385,2260,2266,2293,2303
1411,973545,1032270,1031096,1017240,3190,3192,3206,3240
1412,693704,740386,735075,727891,4544,4575,4640,4674
1413,681879,757714,757621,744694,927,927,928,930
1414,886643,941741,941031,936925,2802,2809,2821,2832
1415,1385760,1732200,1739579,1747335,1925,1993,2017,2037
1416,729568,802099,796421,798112,1102,1112,1134,1145
1417,921687,1023151,1025615,1022274,181,181,221,240
1418,748405,798790,795652,794512,1579,1585,1632,1662
1419,721596,789678,791606,809776,1930,1930,1961,2055
1420,875284,900228,899855,886562,2737,2739,2789,2802
1421,766681,765932,751112,749798,2832,3023,3098,3164
1422,707019,781348,769537,756958,2654,2656,2656,2659
1423,677353,737725,736285,735658,2436,2443,2458,2465
1424,596494,744171,773041,763572,2242,2257,2315,2350
1425,741754,789217,781591,771538,2735,2784,2787,2952
1426,956561,1001128,1000195,988133,2304,2314,2317,2326
1427,872866,915972,888452,891947,2989,3007,3013,3051
1428,603941,697895,706970,706800,5129,5146,5146,5147
1429,731802,730973,727090,729276,2026,2045,2059,2102
1430,747918,778164,753631,753137,3809,3817,3828,3943
1431,846690,829578,825600,810953,4175,4182,4277,4288
1432,888305,900807,875381,862552,2342,2342,2347,2354
1433,848659,861129,848500,848106,1363,1363,1367,1408
1434,764266,790117,785045,800784,2370,2370,2465,2588
1435,1131065,1156163,1156049,1143386,906,906,907,907
1436,1067973,1096757,1084035,1066117,2082,2088,2164,2193
1437,836540,903462,903402,902739,3112,3112,3116,3119
1438,824294,882883,879430,874005,2736,2742,2819,2820
1440,876743,909259,896024,886020,3014,3071,3134,3191
1441,959624,996051,995612,988211,3049,3051,3107,3115
1442,986821,981747,969033,968173,2800,2800,2821,2831
1443,789300,852242,827049,826574,2094,2094,2095,2100
1444,883962,824055,819285,836983,2008,2009,2335,2653
1445,1114891,1144553,1130536,1111691,2544,2545,2566,2572
1446,977014,1023163,1018302,1009168,2800,2800,2814,2819
1447,1007157,1008309,1020724,1007112,1331,1439,1445,1453
1448,742625,785276,772396,766623,4418,4427,4455,4491
1449,924228,945074,850567,765510,1120,1120,1217,1216
1450,894562,898183,879116,882610,2766,2778,2838,2868
1451,901028,915543,902521,887971,2037,2042,2104,2149
1452,1066652,1053786,1049380,1035078,1933,1934,1970,1991
1453,925017,928123,926333,903465,202,202,215,235
1454,452712,565891,630564,641723,1939,1944,2022,2082
