TAZ,allprice10,allprice20,allprice30,allprice40,units10,units20,units30,units40
1,662355,976102,1045824,976102,506,506,506,506
2,662355,846342,956734,956734,848,913,921,921
3,662355,845074,890753,913593,1306,1346,1346,1346
4,1815043,2562413,2775948,2882715,1096,1096,1096,1096
5,881385,1034669,1149632,1149632,3702,3702,3694,3694
6,618250,759564,794893,812557,4403,4403,4403,4403
7,349000,461912,492706,513235,20559,20559,20559,20559
8,312139,405781,457804,478613,26643,26653,26676,26676
9,518059,643649,690745,737841,19732,19734,19767,19767
10,724281,790711,858737,926021,7396,7580,7612,7619
11,551803,655081,741330,775797,14661,14744,14747,14761
12,1585950,1359386,1314073,1359386,2582,2582,2582,5826
13,710750,927065,896163,865261,18,18,18,28
14,1761729,1818559,1989049,1932219,601,713,709,767
15,1761729,2146106,2050012,1985949,2583,2583,2583,2583
16,1097037,1071524,1199087,1199087,10481,10483,10497,10497
17,975141,1052133,1154782,1206107,18532,18579,18587,18593
18,532434,559535,572975,599659,3549,3540,3594,3594
19,716774,806585,866569,926656,1495,1544,1544,1544
20,724183,841045,887855,981308,4246,4342,4408,4418
21,676711,723426,793493,839794,5787,5859,5873,5878
22,1297000,1409783,1607152,1719935,14719,15214,15682,15682
23,834322,917755,1001187,1084619,1322,1346,1706,1706
24,2040833,3154079,3246883,3339684,4356,4392,4392,4392
25,383100,595932,610119,624310,3188,3208,3208,3208
26,880000,1251781,1285585,1319390,1496,1497,1497,1497
27,1314214,1617502,1651198,1651198,3616,3616,3632,3634
28,1848129,1961279,1961279,1961279,2627,2627,2627,2640
29,586216,644838,674149,688804,5119,5127,5144,5144
30,404176,511156,534937,558711,10490,10498,10498,10502
31,853333,1072762,1097143,1121524,7193,7193,7193,7199
32,882018,1002293,1022339,1042385,7460,7520,7520,7521
33,892180,929798,948385,966983,3661,3733,3737,3738
34,1007261,1024338,1024339,1024342,4597,4598,4614,4616
35,1805250,1907434,1907434,1941495,2995,3029,3040,3046
36,932846,1184976,1210201,1235403,5444,5480,5484,5484
37,668583,777002,777002,795072,3782,3818,3818,3820
38,1019044,1053602,1053603,1088152,4175,4202,4214,4222
39,1495599,1566818,1566818,1566818,2178,2182,2212,2212
40,1537557,1537627,1514699,1491782,3435,3446,3462,3493
41,750431,762469,774474,797407,4937,5017,5055,5208
42,0,1140000,1080000,1020000,0,1022,1030,1030
43,1633927,1585870,1561842,1561842,6455,6455,6455,6455
44,1257388,1257389,1237422,1237423,4506,4516,4516,4516
45,1771415,1822754,1797078,1771418,3250,3252,3275,3278
46,1268157,1268341,1268341,1268344,6019,6030,6049,6059
47,1826055,1855089,1826117,1826131,1887,1913,1919,1919
48,1640358,1640366,1618499,1596632,2608,2608,2608,2608
49,4457246,4401319,4346061,4291770,2699,2699,2700,2711
50,2308151,2241252,2207814,2174377,3022,3023,3024,3024
51,1804695,1723887,1696952,1696952,2309,2309,2310,2312
52,990000,1431000,1304000,1148000,8856,8856,8856,8856
53,0,0,0,0,0,0,0,0
54,738426,724488,710556,724488,2832,2846,2846,2847
55,831382,802211,787625,802211,1478,1478,1478,1478
56,1000000,963636,945455,963636,79,79,79,79
57,3096639,3012053,2931734,2891665,1005,1007,1007,1009
58,837908,851888,851888,865847,2798,2798,2798,2798
59,890303,875464,860626,875464,3254,3254,3255,3255
60,943697,928227,912756,928227,1589,1589,1590,1595
61,798001,812038,812025,826032,1879,1879,1879,1879
62,1161257,1161232,1141904,1161232,3192,3192,3192,3192
63,1053309,1035758,1018237,1035788,2373,2373,2373,2373
64,1000554,983611,966650,983605,2700,2701,2705,2705
65,1074928,1074930,1058172,1058243,2942,2946,2948,2948
66,2013016,2013049,1983466,1983466,2726,2726,2726,2731
67,1003559,1003587,1003574,1003588,2230,2230,2230,2230
68,1162694,1162694,1143312,1182063,1278,1278,1278,1280
69,886320,886328,886329,886329,3928,3929,3932,3932
70,1273594,1253408,1233202,1233191,3294,3311,3315,3317
71,3199254,3199254,3116156,3074608,2851,2851,2874,2877
72,1164982,1222332,1222272,1222275,1248,1471,1471,1474
73,1129766,1175687,1175705,1198075,5152,5200,5204,5207
74,544744,580734,593161,593300,4774,5013,5015,5021
75,707858,725554,743251,760947,5341,5351,5374,5374
76,516382,557143,570756,597918,3342,3355,3412,3419
77,573055,668564,687666,725870,4405,4506,4832,4842
78,547410,592090,614437,625611,2696,2748,2748,2748
79,755275,901508,921205,958082,2626,2843,2847,2874
80,1024490,1079374,1097668,1134257,2574,2574,2574,2574
81,804453,860924,889153,903279,5120,5261,5279,5279
82,974450,1017485,1017581,1017616,2330,2342,2348,2355
83,1152105,1137521,1137521,1122938,2207,2216,2223,2229
84,1161662,1193058,1193058,1193058,2643,2643,2643,2643
85,839512,897420,897421,897428,2015,2042,2049,2060
86,847858,879265,894976,894976,3825,3859,3948,3962
87,946401,946401,946401,946401,2745,2745,2745,2748
88,1139721,1155774,1155774,1139721,3618,3619,3624,3624
89,1431918,1431918,1431914,1431918,4247,4249,4249,4250
90,988118,988106,988106,988106,2107,2107,2107,2107
91,1336580,1319170,1301895,1284744,2489,2494,2497,2501
92,1251000,1211486,1191046,1170463,1065,1066,1067,1067
93,976436,962677,948944,948945,4159,4164,4176,4186
94,1323465,1307895,1292325,1292325,1431,1432,1432,1434
95,1442156,1402176,1382185,1402178,1491,1491,1491,1493
96,1360408,1340634,1320950,1340635,1317,1318,1319,1320
97,1361750,1361750,1344938,1344938,1662,1664,1664,1665
98,1612693,1592821,1572902,1592825,1981,1984,1984,1988
99,1005856,1047782,1047793,1047794,2877,2954,2961,2961
100,802893,879433,892200,904972,2149,2238,2321,2324
101,874000,946832,961403,975965,5247,5375,5415,5421
102,1314376,1354211,1374120,1374120,2790,2798,2818,2819
103,1569593,1568766,1548895,1549050,2806,2810,2816,2820
104,930840,972527,986399,1000285,1891,1956,1994,2000
105,804164,873491,901215,901226,7605,7694,7738,7738
106,608048,670419,682832,707546,9896,10064,10114,10118
107,999455,1032692,1059204,1106914,1628,1891,2120,2162
108,536391,664417,770026,747489,1845,1809,1982,2082
109,810334,885966,885966,918379,9982,8898,9208,9208
110,927743,1763123,2156557,1990636,756,965,969,969
111,707353,635472,660979,695233,3529,12099,13427,13443
112,1209460,1183629,1149437,1166639,1487,1583,1585,1593
113,722051,715688,705299,714196,4396,4960,4971,4971
114,924459,924348,910593,910592,3858,3883,3897,3903
115,725731,742875,742874,757435,770,768,769,769
116,860896,870850,871198,886407,3920,4010,4022,4032
117,926410,956294,971237,971237,1627,1807,1829,1836
118,761484,782358,792798,813664,2637,2639,2650,2650
119,783520,795575,795575,795575,742,744,759,764
120,787709,802758,802781,802786,1297,1317,1331,1349
121,967202,933074,915469,915975,1346,1353,1362,1376
122,958218,941107,923980,941040,2250,2263,2264,2264
123,807144,819872,819888,832522,1867,1883,1896,1896
124,782500,782404,782343,795180,2060,2064,2064,2064
125,811125,781786,767443,796569,1284,1286,1288,1288
126,667455,644803,633528,656135,2470,2473,2477,2482
127,1130099,1130603,1115654,1115664,1917,1923,1945,1945
128,1278248,1278248,1261861,1278248,2763,2776,2783,2804
129,1020981,990510,975271,990492,2549,2553,2553,2557
130,1069656,1037748,1021732,1037709,2268,2270,2273,2274
131,897084,869892,856306,869845,3066,3076,3077,3077
132,925365,900007,886743,899409,1602,1602,1632,1632
133,721776,710648,699365,710610,2344,2349,2352,2352
134,689743,670827,659942,671295,2460,2519,2569,2576
135,529980,520347,510740,520374,1480,1482,1737,1737
136,555452,516457,496971,506704,901,903,904,904
137,533137,504775,495173,504564,1514,1514,1546,1607
138,562507,542572,532510,532510,3782,3790,3792,3793
139,475110,458868,450943,470202,1337,1352,1366,1368
140,471416,479723,479726,488001,1156,1189,1203,1207
141,345776,352072,364660,377236,632,710,718,718
142,622500,561704,669921,723574,951,1111,1203,1274
143,429025,429025,444626,452426,777,778,780,780
144,390786,399206,399138,407450,1388,1476,1704,1715
145,340000,390272,408001,427124,2341,3030,3859,3870
146,172000,400846,622934,622937,154,13422,15342,15342
147,374346,381124,375039,390199,1377,1453,1494,1494
148,400596,379626,382897,390929,1748,1802,1836,1843
149,441663,396717,399690,416944,1406,7280,6890,8905
150,419545,421568,420884,436988,1052,1604,1747,1757
151,536388,527948,519344,527849,606,611,623,632
152,564715,544884,525074,525049,1401,1403,1405,1406
153,526497,498359,488962,498337,1092,1097,1103,1104
154,536614,519898,528230,544385,1206,2150,2153,2153
155,431288,415013,406876,415013,945,946,947,948
156,383750,375281,375281,375281,670,670,670,670
157,388870,379385,379385,379385,259,259,259,259
158,356066,363333,356066,363333,137,138,138,138
159,506453,498458,482655,490589,1511,1511,1513,1514
160,519307,493767,476741,493767,1192,1195,1195,1195
161,484354,490963,482310,490801,968,992,992,992
162,492813,501038,492825,501052,1111,1112,1128,1128
163,542213,533031,523471,542840,1273,1301,1313,1316
164,524009,506971,507057,516017,2199,2202,2338,2344
165,591857,592548,574109,592219,1673,2224,2244,2312
166,595054,568006,558990,568006,2289,2347,2368,2376
167,522078,507169,499603,507087,1721,1733,1735,1735
168,476757,460865,452919,452919,2660,2683,2746,2747
169,1263842,1228957,1212176,1211542,2415,2473,2541,2545
170,1227136,1182147,1151870,1166669,2411,2419,2429,2503
171,1041190,1022943,1006235,1022268,1282,1287,1288,1289
172,1226612,1192110,1159009,1158378,2117,2122,2126,2133
173,993358,963705,948879,948651,1488,1489,1489,1491
174,991633,962890,948518,948518,2514,2515,2524,2524
175,904000,917941,917942,931838,2424,2426,2426,2431
176,827500,816612,816612,816612,1988,1997,1999,1999
177,773153,762984,752821,752815,3478,3480,3484,3484
178,800793,779158,768175,767992,2422,2423,2423,2423
179,692684,672610,662577,662577,2738,2738,2738,2738
180,585981,569926,561899,577953,2201,2201,2201,2201
181,658799,639703,630155,639703,1945,1945,1945,1945
182,642496,633176,623866,623863,2466,2466,2466,2466
183,667936,648884,639280,629793,2432,2433,2433,2434
184,712474,691207,680573,691207,2907,2907,2907,2907
185,762552,741370,730779,730779,2809,2809,2809,2812
186,797255,786418,765183,765088,3133,3134,3136,3137
187,945421,890884,890870,872693,1475,1476,1477,1477
188,443625,453739,463816,494526,1284,1284,1284,1284
189,700000,710128,730406,750695,33082,20086,16164,16170
190,443625,453618,512663,512704,950,949,949,956
191,648015,636884,638069,650448,1525,1527,1540,1539
192,592286,581878,612265,632632,5828,5837,5837,5837
193,479748,480160,475471,474973,3040,3043,3046,3046
194,476785,494609,494609,494609,4779,4780,4780,4779
195,569851,557996,557996,558857,1821,1823,1825,1825
196,504449,492815,496581,496875,2097,2104,2106,2106
197,546590,533564,533564,533564,1286,1286,1286,1286
198,518273,531870,539322,546447,5551,5551,5639,5639
199,263232,285564,285718,285910,802,801,801,801
200,479390,506940,527376,540097,1510,1524,1525,1526
201,470641,458180,466753,466716,3546,3467,3482,3466
202,479910,442597,446344,451387,2338,2805,2807,2807
203,486655,481620,481418,490530,2350,2422,2450,2445
204,468920,485673,482051,492421,2461,2356,2369,2336
205,435863,425824,422798,425794,2224,2228,2234,2234
206,522174,415688,414863,422941,1896,1485,1470,1452
207,472721,466692,451510,462852,1159,1129,1126,1115
208,548878,515934,490238,570850,2396,2434,2458,2455
209,562256,561460,551520,564221,2470,2546,2593,2603
210,478561,496156,505315,508720,1077,1087,1092,1100
211,459171,483245,493821,513745,2699,2877,3230,3308
212,508963,529846,576848,589858,1101,1143,1145,1152
213,549397,523802,532231,540455,3339,3522,3573,3602
214,601876,640728,646810,696659,2083,2141,2174,2176
215,477002,492164,497884,510609,3006,3006,3018,3038
216,470467,454435,474986,490346,3861,3861,3865,3866
217,514342,456820,434920,475296,1539,1539,1539,1539
218,516693,508645,489673,503400,1915,1916,1917,1917
219,546532,544189,532496,533666,1764,1766,1766,1766
220,534908,510029,508975,518506,2650,2720,2790,2792
221,551161,525257,523384,478032,1576,1583,1590,1624
222,508366,508371,499547,510516,2283,2288,2324,2376
223,583549,588991,586650,592211,2517,2616,2645,2692
224,619221,619375,624706,650358,1268,1307,1420,1446
225,612118,663153,713840,730580,1660,1675,1699,1710
226,563210,560539,564511,603640,2595,2687,2740,2780
227,598503,582211,572672,582211,2126,2126,2128,2128
228,646907,635942,624978,679801,53,53,53,53
229,646907,624154,619054,606921,1988,1988,2004,2016
230,454077,467383,468624,472086,2444,2466,2497,2497
231,639569,624586,609511,639371,1492,1503,1508,1510
232,580567,567006,554519,554519,1844,1852,1857,1858
233,436159,444533,430880,431542,3648,3651,3687,3690
234,243364,234608,225464,234603,2882,2910,2914,3020
235,712486,691670,694917,726742,1198,1286,1372,1376
236,598784,603027,588902,598577,2298,2430,2545,2554
237,454607,457568,463989,476123,3893,4740,5174,5203
238,401827,388402,406028,429878,1293,1623,1653,1671
239,0,0,0,0,0,0,0,0
240,578424,585202,581138,596283,2553,2761,3061,3190
241,882983,882752,852135,852288,1361,1362,1365,1371
242,1037064,982482,964288,964288,946,947,947,947
243,1015093,979712,961261,962147,1012,1013,1016,1016
244,985897,971718,968738,993954,4210,4219,4219,4219
245,1142569,1122871,1109591,1109591,1537,1538,1538,1538
246,1424931,1404685,1394370,1404252,3782,3783,3774,3773
247,1737432,1734264,1693058,1712382,1493,1494,1494,1494
248,1061958,1043988,1050533,1052409,1965,1964,1988,1999
249,1066024,1078286,1056382,1049570,3054,3111,3246,3258
250,1354135,1316003,1319217,1328857,2593,2639,2719,2718
251,1119904,1148136,1146135,1140744,4914,5143,5281,5351
252,3320330,3244383,3176991,3133481,2061,2073,2083,2088
253,1863399,1784986,1779914,1812526,1139,1140,1162,1162
254,2783929,2695158,2606129,2577258,1933,1993,2000,2006
255,1576558,1565671,1510220,1496025,1513,1569,1570,1570
256,912453,920041,898312,887299,5343,5451,5654,5710
257,570985,562600,561335,562515,3387,5242,5370,5497
258,674824,704550,713146,722732,4088,4421,4740,4953
259,408948,421578,414965,420982,2849,2849,2849,2849
260,525553,550582,545106,575315,2787,3009,3156,3267
261,521646,504371,501618,497510,1703,1703,1704,1704
262,515956,513933,504430,504430,1362,1362,1362,1362
263,577846,565806,553414,565806,821,821,821,821
264,582100,572130,559190,559226,1111,1111,1112,1112
265,542423,585137,583505,578326,2585,2585,2584,2585
266,693900,652664,632045,635419,3223,3223,3224,3224
267,1000842,1004332,988078,991561,1434,1434,1434,1434
268,717079,705385,689901,689901,1409,1410,1410,1410
269,987556,981961,962801,946860,1799,1799,1799,1799
270,587092,550912,532254,532254,3700,3700,3700,3700
271,971265,1496454,1455865,1478707,1408,1409,1409,1409
272,1103255,1103255,1058224,1058224,881,884,884,884
273,896985,864256,827989,840134,1784,1799,1805,1805
274,507811,513731,506709,513826,3745,3745,3745,3745
275,709947,688570,687404,688285,4147,4279,4399,4789
276,532540,526087,503348,460102,1709,1709,1709,1709
277,699569,831497,836007,844168,11414,10462,11448,11448
278,720137,680835,704018,716594,4415,4412,4708,4871
279,721497,735287,757015,839472,1403,1660,1813,2157
280,802050,798660,797786,811443,1608,2285,2423,2430
281,703067,779898,791201,789807,2394,2634,3008,3015
282,1181327,1143980,1127387,1123308,1038,1039,1040,1041
283,992541,972349,955330,959233,1400,1400,1400,1400
284,739855,777372,780175,824601,4624,5260,5582,5842
285,1007540,986610,965677,965996,1170,1170,1172,1172
286,968161,949942,929396,929563,3417,3424,3437,3446
287,1091331,1070631,1048467,1062109,1182,1187,1185,1185
288,1077222,1059754,1056028,1062096,4290,4304,4308,4310
289,1051472,1032333,1013072,1013117,2167,2239,2292,2292
290,938662,903842,896029,889600,1617,1617,1618,1618
291,1090690,1056906,1025275,1021523,1380,1406,1410,1410
292,1125867,1083750,1053661,1062471,967,969,970,971
293,730914,778723,795741,830777,2223,2314,2550,2900
294,794625,832711,909692,938555,2324,2434,2913,3158
295,668731,662372,671172,799182,1407,1454,1568,1804
296,935943,1138982,1069473,1033465,3762,4005,4923,5603
297,804234,799436,796656,808809,1786,1805,1851,1894
298,2645866,2532545,2465157,2467777,2517,2561,2600,2633
299,3947007,3836008,3668055,3696535,1285,1306,1315,1318
300,2589819,2516474,2467201,2475481,1169,1178,1193,1194
301,1029985,995482,976459,983047,2316,2320,2324,2324
302,1362082,1343301,1304754,1289464,1804,1811,1816,1816
303,946827,915517,898896,898896,1777,1785,1789,1789
304,1050800,1041589,1030433,1021332,2130,2155,2178,2204
305,1077800,1064482,1048574,1052306,762,764,764,764
306,1383756,1350134,1304974,1285001,1446,1480,1511,1564
307,1141191,1088354,1070350,1084471,1826,1828,1833,1838
308,1138633,1117953,1077898,1078161,1150,1151,1151,1151
309,849793,840031,830106,841121,5010,5418,6084,6188
310,661004,528645,569660,595144,751,820,850,850
311,721736,719750,710456,697508,1577,1577,1577,1575
312,1030257,985951,967039,942017,3236,3238,3253,3253
313,593872,595957,582370,619943,1001,1010,1013,1013
314,526565,501851,523688,546146,2796,3372,3377,3377
315,479643,504047,547151,591010,1245,1700,2458,2704
316,607542,589731,589418,615472,940,960,966,968
317,1054513,1035914,1029101,1022004,2745,2944,2956,2963
318,1246863,1214093,1214093,1223741,1559,1567,1581,1581
319,1206563,1167010,1127795,1108192,1045,1048,1048,1048
320,737891,783965,784299,784404,2604,2605,2607,2607
321,862897,847065,831253,830235,1107,1107,1107,1107
322,999566,991120,984031,971185,2960,3029,3034,3046
323,763975,725121,713960,725324,2850,2903,3064,3139
324,450255,471234,463386,469502,2438,2494,2494,2502
325,660441,658685,660034,680402,2919,2973,3026,3071
326,362857,380398,386875,395961,1161,1161,1193,1278
327,459500,477191,477191,483603,1741,1741,1741,1741
328,799246,769956,757380,782949,1230,1237,1258,1258
329,420173,402645,411152,419372,1456,1469,1469,1469
330,516388,522886,516426,532653,1998,1998,1998,2008
331,435633,419687,420065,426711,1570,1571,1573,1576
332,307857,302205,299051,356260,1020,1039,1249,1282
333,377956,361742,358978,382322,3197,3371,3899,4032
334,313806,309052,302849,309390,1706,1760,1779,1808
335,659344,659170,665907,673531,4896,4899,4902,4903
336,1282659,1251876,1224082,1224082,1981,1981,1982,1982
337,2527044,2371404,2348938,2258913,541,559,559,559
338,1116614,1081512,1046410,1046410,892,893,893,893
339,3024837,2904674,2903882,2873431,1013,1014,1014,1014
340,1363701,1390102,1356635,1354087,3935,4407,4727,4901
341,1513571,1468016,1458448,1492971,2840,3215,3837,3996
342,5291372,4972065,4880835,4835219,1536,1540,1541,1541
343,2365666,2305344,2273626,2242531,832,832,832,832
344,2466318,2403116,2340236,2339923,1207,1214,1214,1214
345,1603026,1525336,1484868,1473373,2033,2037,2037,2037
346,1618910,1581650,1553086,1512327,2056,2067,2071,2077
347,2561652,2537598,2508030,2529383,2910,2914,2917,2918
348,1420077,1450291,1510720,1510720,1,1,13,13
349,2445700,2402031,2432705,2499940,277,277,491,540
350,2081972,2154587,2139290,2234868,1480,1481,1490,1499
351,1420077,1426198,1443527,1463881,2193,2322,2337,2589
352,1420077,2001000,1960000,1917000,3434,3434,3434,3434
353,0,0,0,0,0,0,0,0
354,1420077,1529187,1474209,1559053,436,438,438,438
355,975042,644866,760110,1000069,2031,2467,2938,2938
356,1556221,1728783,1766411,1772190,7785,8320,8711,8860
357,2823089,2789107,2755272,2755218,1818,1821,1822,1824
358,2066483,2066483,2066483,2099813,1940,1940,1940,1940
359,3076024,3072839,3053753,3053753,1490,1547,1552,1552
360,1886400,1867966,1870190,1870743,2263,2269,2271,2272
361,1442226,1442201,1418901,1409046,2714,2715,2715,2715
362,1411463,1436185,1436185,1411986,2119,2120,2120,2120
363,1659210,1652587,1645963,1652587,1021,1021,1021,1021
364,1687406,1647098,1629020,1657052,784,837,879,881
365,850239,968495,968636,989735,1718,1867,1943,1973
366,1245071,1260623,1257536,1277293,3062,3709,3823,4414
367,1622778,1642624,1654270,1652008,2409,2523,2528,2554
368,3032075,3032075,3063991,3095908,1699,1704,1709,1709
369,1903102,1907490,1881723,1886073,1763,1764,1766,1768
370,1663137,1725930,1710140,1701316,2007,2012,2018,2048
371,1733627,1737069,1733704,1733704,1277,1277,1278,1278
372,596277,940042,961592,982566,2699,2703,2705,2706
373,872544,882738,867519,861121,1284,1284,1284,1285
374,701171,865907,885297,886858,1417,1449,1449,1449
375,896214,1139279,1139279,1117693,1876,1876,1876,1876
376,766242,905007,916040,916474,2225,2235,2245,2245
377,526862,758091,758117,768938,4237,4581,4767,4770
378,1115260,1131880,1197302,1198129,1757,2414,2735,2829
379,934360,1009834,1040223,1054154,2464,2466,2466,2493
380,347231,479088,490944,526774,2198,2198,2218,2218
381,1294351,1321461,1299271,1310440,2259,2261,2283,2328
382,1120586,1094316,1075416,1076148,1205,1206,1234,1234
383,1583717,1593305,1573208,1578302,806,807,810,810
384,2216072,2187705,2159343,2187699,1484,1485,1486,1487
385,2188440,2159514,2189018,2190262,997,997,997,997
386,1708909,1708953,1664838,1663600,1094,1096,1096,1096
387,1862251,1847037,1821154,1821154,1326,1326,1326,1335
388,1823122,1821640,1796625,1797727,2291,2292,2292,2307
389,1656108,1616078,1606679,1591991,1816,1834,1849,1884
390,993333,1020546,1004261,1000105,2164,2196,2254,2293
391,857504,983080,981622,980586,4598,4634,4689,4698
392,845912,886207,899650,924849,2191,2191,2191,2211
393,845912,808671,816962,837005,2354,2359,2495,2495
394,767310,776376,775452,818106,1625,1953,2189,2221
395,431345,636798,636798,653504,2773,2762,2762,2762
396,826042,765304,728861,655975,28,28,28,28
397,826042,1059464,1092001,1125002,3575,3575,3569,3568
398,534938,903196,920906,956415,1249,1357,1357,1357
399,534938,791327,875822,942859,310,457,457,457
400,592058,791924,807664,840245,2597,2598,2646,2646
401,468629,433978,481031,446726,888,918,918,916
402,468629,449103,468629,468629,2,2,2,2
403,0,0,0,0,0,0,0,0
404,468629,458229,501726,541132,724,773,816,835
405,619720,609216,546194,651231,156,155,154,156
406,468629,648000,612000,640000,5,5,5,5
407,0,703000,665000,817000,0,0,0,0
408,0,570000,646000,627000,0,0,0,0
409,413742,502377,576223,650067,2,2,2,2
410,413742,740780,758674,785432,5216,5679,5693,5693
411,413742,581825,736978,743443,3,5,5,5
412,608152,782515,829790,872497,6366,6444,7934,8015
413,724492,961524,1000489,1004905,3816,3844,3844,3859
414,481609,471418,471418,464747,1072,1077,1077,1082
415,481389,542312,550814,563256,672,679,679,685
416,599411,633591,628226,628808,2932,2993,2993,2994
417,0,0,0,0,0,0,0,0
418,474000,474000,641279,651157,83,83,83,83
419,436584,565732,559027,570097,1155,1155,1155,1155
420,460001,462103,452769,462103,766,770,770,770
421,415571,439437,472922,487175,4127,4127,4127,4127
422,494467,735068,737452,765827,4868,4890,5108,5217
423,479134,537484,541741,545820,1744,1744,1745,1745
424,538621,557510,548536,548536,2540,2540,2540,2540
425,552987,587404,575386,597839,1475,1476,1476,1476
426,619529,716702,786012,800331,1750,2236,2445,2475
427,571550,696100,733642,777906,237,237,583,706
428,571550,486640,502678,503670,1801,1801,1795,1795
429,571550,795687,784480,773274,6,6,6,6
430,571550,571550,571550,685860,1,1,1,1
431,571550,660855,642994,642994,1,1,1,1
432,521250,610683,638621,668349,173,173,173,173
433,473413,528842,529060,543402,3039,3109,3185,3185
434,387375,387375,337875,436018,45,45,44,43
435,341562,379709,366575,375555,1545,1576,2180,2346
436,610979,606227,609381,605736,1934,2046,2094,2136
437,495596,545132,553389,561645,2470,2470,2490,2490
438,544525,587305,587460,584105,1555,1807,1845,1882
439,526138,546740,570452,579359,1172,1508,1508,1508
440,416984,492585,502901,502901,3676,3683,3683,3683
441,572668,695374,707506,719885,5446,5718,5818,5848
442,573524,591178,586317,590546,1091,1168,1280,1294
443,456113,466661,465535,465535,1406,1406,1406,1406
444,677196,665722,655259,665465,2824,2872,3506,3506
445,759502,881958,920926,937435,5140,5140,5174,5181
446,542352,685939,709338,719395,4724,4865,5331,5347
447,635747,652309,666730,673878,2024,2024,2844,2852
448,761230,903873,956820,996669,5434,5446,5506,5506
449,845615,1072821,1079809,1108303,4670,4895,5323,5394
450,764634,770978,825297,866332,3162,4409,4683,5026
451,1049610,1063440,1054565,1083225,2449,2449,2455,2455
452,1108046,1088121,1088102,1109210,1047,1088,1103,1103
453,1008118,1022851,1010629,1041145,2704,2704,2704,2704
454,1238997,1219724,1219724,1222542,1552,1552,1552,1552
455,1337521,1314521,1316281,1334002,928,928,928,928
456,998963,1062037,1062037,1097797,4804,4804,4804,4820
457,1090273,1124536,1100602,1117006,1930,1931,1947,1947
458,785302,785324,776115,781336,1587,1588,1588,1588
459,901490,883121,895795,903775,2883,2883,2891,2935
460,877310,958200,934346,871475,1605,1605,1833,1833
461,791629,800787,784431,796208,1811,1811,1811,1811
462,891451,944183,953505,955861,1743,1743,1995,1995
463,601732,655733,665083,674415,2512,2512,2512,2512
464,586012,574885,574885,563758,1946,1946,1946,1946
465,689428,676226,670735,677086,3225,3225,3245,3245
466,625741,633147,623753,647774,1700,1701,1743,1743
467,714536,803453,788241,789616,5704,5792,5892,6062
468,724180,740456,728533,728057,2720,2717,2717,2735
469,415246,526755,538236,549683,2697,2697,2697,2699
470,668858,677680,671145,680706,2665,2665,2729,2748
471,520816,601152,634570,645052,4735,4751,4819,4815
472,593245,636749,657724,669743,2325,2325,2325,2333
473,648224,656826,667222,676039,2793,2793,2793,2793
474,696809,704555,699440,687895,1580,1580,1580,1580
475,726400,726293,711539,711331,1762,1762,1762,1762
476,890568,890542,878134,883580,2662,2654,2660,2660
477,817161,886337,884358,883687,2315,2316,2316,2315
478,419796,492678,507262,523165,2580,2580,2580,2580
479,1031603,1055660,1045607,1053922,3373,3373,3374,3374
480,1188900,1168643,1148126,1171797,1103,1103,1103,1103
481,1202072,1211895,1191275,1169895,1637,1637,1649,1649
482,1173666,1151522,1151522,1151522,1453,1453,1461,1474
483,889109,911874,888687,888687,2413,2413,2426,2426
484,953517,1071310,1051665,1060610,5532,5810,5846,5900
485,1126973,1321291,1331441,1337937,3897,3940,3938,3971
486,1428443,1461930,1468657,1481176,1978,1977,1977,1977
487,929525,974573,982926,978303,2337,2337,2338,2338
488,1544990,1615573,1592082,1580351,2613,2701,2707,2708
489,1488280,1466250,1445348,1428131,2111,2120,2132,2132
490,1445707,1426319,1394257,1394356,1384,1384,1644,1645
491,1274256,1245017,1223915,1202813,1071,1072,1072,1072
492,1171754,1156261,1130248,1110966,1807,1807,1810,1810
493,1479397,1459199,1437622,1419935,1967,1972,1977,2012
494,1554867,1535421,1534261,1514744,2062,2075,2079,2080
495,1971667,1902833,1882578,1882619,2121,2154,2160,2198
496,2054211,1990509,1959719,1967033,1053,1066,1070,1073
497,2154104,2139552,2125414,2125058,2479,2488,2491,2492
498,1078005,1056510,1032034,1022629,1546,1550,1550,1550
499,815925,815846,800234,806311,2752,2756,2756,2756
500,847944,847856,827949,825272,1384,1388,1402,1407
501,723606,725856,724716,712314,1431,1431,1431,1434
502,711643,718984,707687,715251,2333,2333,2333,2333
503,652993,692566,705181,717845,4183,4202,4249,4262
504,587450,699866,709267,741785,2137,2500,2953,3097
505,758253,742290,721822,726867,2287,2287,2288,2294
506,760014,848684,842571,864727,1499,1495,1515,1522
507,1134975,1224836,1198624,1189172,1949,1949,1949,1949
508,1300675,1427583,1407292,1421825,1193,1193,1193,1193
509,1232215,1196486,1190857,1210686,1480,1480,1480,1480
510,2182689,2129330,2082395,2079172,938,944,946,948
511,1597591,1609265,1586186,1586225,3169,3170,3170,3170
512,853652,844221,834492,851403,1801,1873,1907,1950
513,1842490,1869763,1887897,1918436,1065,1075,1076,1255
514,1570758,1532848,1515200,1517487,2605,2622,2622,2622
515,752573,731761,733735,745329,2474,2554,2638,2698
516,979844,952906,936762,937670,1394,1394,1410,1451
517,737690,736096,724279,743896,2149,2197,2224,2363
518,1243936,1243936,1210725,1216630,2302,2302,2302,2302
519,649713,659457,645824,632350,3272,3264,3310,3324
520,2077922,2101310,2071701,2076535,1492,1540,1652,1652
521,635536,663024,657559,678339,2176,2221,2249,2249
522,723826,718368,718368,714616,2291,2299,2301,2317
523,666670,676629,663665,677537,2622,2627,2667,2667
524,794336,795636,779050,781309,1983,2023,2043,2043
525,894635,863572,858528,847410,1665,1665,1701,1735
526,853751,853751,823913,823913,2628,2629,2637,2643
527,881860,883410,866506,871864,2967,3137,3276,3342
528,1021582,1013406,979460,1004921,2842,2846,2899,2898
529,1018240,1067678,1049484,1064731,1118,1119,1139,1159
530,703685,815443,802190,830562,3558,3568,3566,3566
531,646087,966802,982675,988251,1427,1591,1591,1591
532,379255,554536,573618,596005,4899,4919,4919,4927
533,572413,561492,569454,596030,2530,2622,2674,2690
534,439330,463722,466505,478751,2271,2391,2482,2509
535,434192,409143,410017,406993,2164,2212,2262,2300
536,411444,430029,449725,454547,1726,1870,2010,2052
537,385042,483476,483048,508693,5184,6450,7278,7665
538,471341,593404,564787,577510,1563,1630,1637,1668
539,395000,409202,478226,503270,290,290,288,288
540,637456,634200,621845,620433,5231,5380,5706,5909
541,782995,764478,755898,766352,2059,2368,3030,3077
542,831133,828258,832761,848239,1446,1666,1799,1844
543,518740,563869,563458,573513,4108,4149,4213,4364
544,604950,628426,636342,649300,2564,2644,2644,2644
545,564365,561084,571728,590834,2357,2376,2509,2553
546,454677,493173,487842,496492,2767,2867,3158,3239
547,387179,424077,422851,432645,2250,2314,2593,2764
548,395193,405124,404549,412731,6438,6495,7257,7967
549,351942,365514,371964,373600,3363,3487,3642,3764
550,365848,356580,351721,358552,1532,1539,1649,1717
551,313363,340435,339465,355860,2443,2756,3542,3953
552,376018,428392,426478,452573,1099,1131,1239,1374
553,416016,401257,405183,420233,1049,1049,1154,1211
554,725246,729395,708612,707599,4745,4769,4852,4896
555,427438,447089,453946,472549,3747,3754,3914,4024
556,306500,323399,327687,335563,904,935,963,971
557,497572,586600,568655,568663,4969,5314,5421,5486
558,493126,687259,754998,783817,1529,1867,2379,2596
559,628294,615469,617612,638363,1819,1819,1862,1920
560,309270,294219,291449,301086,1579,1723,2046,2165
561,284290,314066,313927,320569,4572,4681,4932,5051
562,343647,374770,372399,385794,1865,1872,2125,2244
563,292267,375997,381576,388684,5304,5463,6169,6190
564,633915,631957,621105,642401,2674,2704,2705,3085
565,463677,645232,659069,660047,2506,2530,2596,2602
566,452447,650110,664807,698244,3349,8023,8854,10301
567,362700,384026,378199,391506,2773,2763,2780,2785
568,284233,353228,368997,383886,3976,6580,8838,9481
569,277299,460494,465048,474745,1062,1062,1082,1082
570,348298,360219,251072,256851,1104,1104,1104,1104
571,330847,331178,324319,323822,849,850,850,850
572,351422,378440,362885,363867,941,941,953,955
573,411917,419791,411846,403656,1131,1163,1364,1440
574,320111,399131,398637,402521,1004,1004,1132,1162
575,387135,396676,389887,398315,1070,1102,1230,1356
576,381697,381896,373812,390272,1146,1150,1162,1160
577,331574,335760,330961,336859,1113,1113,1114,1136
578,273064,352539,360823,377514,2967,2974,3056,3167
579,330711,357968,363524,371908,650,654,654,674
580,262412,302544,319988,322046,1034,1036,1036,1036
581,312366,745641,633915,663948,1452,1452,1632,1748
582,326545,427026,420447,435756,1764,3546,3554,6609
583,362612,540311,506244,510797,1417,1417,1441,1441
584,315107,324612,329597,340606,1228,1340,1592,1816
585,318725,326511,320082,327351,1351,1575,1999,2291
586,310328,310645,304504,312830,1454,1566,1842,2072
587,363917,363599,363599,363599,356,356,384,390
588,363429,376222,371591,380439,1332,1364,1492,1570
589,305230,324674,319516,318852,1430,1458,1531,1658
590,326728,312747,307132,306975,848,848,848,848
591,353887,379178,379932,390153,2212,2436,2836,3098
592,331764,332909,332509,338840,2382,2428,2586,2615
593,389333,456642,471352,493792,1137,1228,1612,1798
594,249224,348592,352769,360518,1453,1677,1975,2089
595,219868,302006,301963,317121,2497,2604,2616,2633
596,361755,373382,361755,365160,738,738,738,752
597,328597,327780,325477,336442,2140,2228,2372,2389
598,526316,567356,568186,568873,1953,2003,2096,2153
599,455074,480309,464539,458055,1411,1411,1411,1411
600,523736,524912,515391,514684,1226,1230,1230,1230
601,517857,589396,631640,639972,2821,6250,6334,6538
602,517857,463108,516518,531942,648,1247,1249,1245
603,517857,541262,559296,585948,125,124,309,309
604,567797,567847,517642,610858,3779,3778,3779,3777
605,482129,588251,575288,599255,4326,4479,4845,4879
606,526058,526513,554214,572035,1145,1148,1924,1924
607,397971,847228,831860,795928,3835,3835,4258,4269
608,813117,867077,486727,499101,660,664,1084,2236
609,729551,717170,691469,703854,1657,1657,1657,1657
610,619720,665949,658530,665949,751,751,752,752
611,472618,474707,467689,485911,1954,1954,1954,1954
612,460884,542149,554691,570412,1961,1970,1970,1975
613,427923,440608,440631,438377,1113,1114,1115,1117
614,533944,532036,521586,532036,1348,1348,1348,1348
615,901069,901032,901069,911933,1392,1426,1430,1432
616,419362,452713,452713,448958,1446,1446,1446,1446
617,339562,344036,348013,358951,1530,1530,1530,1530
618,572778,572766,583770,605790,767,778,781,781
619,674888,674948,674888,701195,1533,1533,1533,1533
620,495205,490484,483516,490484,1103,1103,1103,1103
621,420150,403656,401920,401880,1252,1254,1328,1371
622,518277,498985,491086,494035,1429,1468,1525,1597
623,526845,543593,539563,532072,2002,2003,2003,2003
624,544266,544584,538998,528919,850,850,850,850
625,459109,468000,446519,449786,1559,1559,1619,1636
626,589407,579073,567512,567556,1312,1315,1339,1355
627,463108,490176,480103,493541,1674,1674,1760,1783
628,694485,681384,662664,672019,1574,1702,1819,1876
629,574000,579520,571908,580967,2991,3040,3309,3362
630,408669,409716,395534,402374,2257,2425,2464,2484
631,426776,462720,451667,454068,1362,1363,1371,1375
632,415247,477270,476105,474940,1485,1486,1486,1672
633,370911,386462,380330,386014,2464,2515,2866,3049
634,317956,347813,339021,346893,1641,1642,1781,1855
635,364458,364232,357266,365798,947,947,960,976
636,354173,346483,338627,346045,1307,1358,1458,1480
637,672616,656256,639013,637815,1491,1498,1526,1547
638,338586,338263,331705,331852,1202,1202,1209,1212
639,358647,375969,368568,378828,1426,1466,1526,1557
640,361217,361796,357739,373273,866,898,962,990
641,413284,404674,404674,404674,833,833,833,833
642,630174,651232,643546,640051,1047,1053,1058,1059
643,419766,411536,442977,442486,1022,1024,1028,1034
644,548961,538247,528382,538039,1309,1349,1534,1556
645,500350,490147,479936,479936,1201,1201,1201,1209
646,593354,593354,581943,581943,899,899,899,899
647,687672,687600,674636,674697,1273,1273,1273,1273
648,828869,865056,1282120,1369007,1681,1727,1987,1987
649,494128,484044,473959,473959,1159,1159,1159,1159
650,455350,476009,466789,464269,1990,1990,2046,2703
651,395428,442493,445950,449706,2014,2063,2376,2512
652,495927,496673,485361,485361,1283,1288,1295,1300
653,937680,974869,937666,958804,2884,2884,2884,3034
654,515674,689285,694070,700198,4011,4051,4108,4277
655,1014114,1040891,1023492,1040720,3915,4063,7977,8003
656,757138,709720,687257,687173,1895,2353,5663,5671
657,446132,435932,429174,429176,2860,3252,3560,3710
658,547882,547135,536854,535586,1400,1402,1474,1669
659,476390,523135,512388,516132,1057,1057,1065,1065
660,507492,522427,514572,505804,1175,1176,1294,1452
661,544624,554442,535866,535915,2332,2460,2682,4020
662,570532,562592,542433,552513,1437,1437,1453,1473
663,622998,612068,601138,601138,985,1081,1081,1081
664,531633,518206,503135,499171,2831,2849,3059,3173
665,424245,463241,456073,456073,2420,2444,2625,2720
666,501717,766968,767886,795543,1502,1502,1650,1704
667,259665,423064,421986,421986,1973,1973,1973,1985
668,433879,451042,446878,445253,2152,2249,2460,2649
669,383585,392670,392248,396884,2914,2954,3414,3654
670,416022,423193,409924,407503,2256,2377,2393,2497
671,487569,553999,539509,540623,4184,4190,4282,4282
672,520482,525494,522948,522948,1577,1577,1577,1577
673,397670,595738,586891,603169,1457,1517,1545,1575
674,512480,506397,498238,499238,1848,1860,1956,1993
675,560112,539034,529962,532046,1747,1779,1814,1829
676,413772,485642,475424,481451,3248,3245,3266,3265
677,485980,578248,599614,599674,3865,3865,3865,3865
678,614868,642560,630855,631612,905,905,921,943
679,542707,596283,599920,612841,2914,3358,3402,3434
680,549249,553304,541577,557982,2345,2401,2618,3145
681,754163,739098,739098,742568,1233,1233,1233,1233
682,638144,639711,640476,642093,1827,1828,1840,1859
683,660721,661557,647166,662710,1377,1401,1461,1461
684,673222,680033,671394,689599,2428,2431,2460,2478
685,576811,587154,575382,587259,1890,1890,1930,1930
686,433324,517556,523482,525473,2155,2371,2602,2602
687,543673,586430,596311,593851,1660,1660,1680,1686
688,750541,748879,755257,747234,2973,2973,2973,3018
689,877923,849092,849052,852720,1468,1470,1485,1581
690,880694,870130,855517,842971,1996,1996,1996,1994
691,1190176,1173647,1161148,1161287,1135,1177,1183,1189
692,1000966,1066342,1059729,1060038,1133,1133,1133,1136
693,831623,817104,802556,801825,1349,1350,1350,1350
694,1033592,1017002,1000248,985366,1776,1915,1932,1936
695,1205277,1194549,1188370,1189541,2660,2697,2796,2815
696,820070,840655,818877,807635,1873,2125,2439,3035
697,808983,1141941,1140479,1151540,1519,1661,2216,3603
698,753170,752725,750413,762172,2251,2322,2431,2488
699,627083,635504,618624,617932,1676,1704,1866,1902
700,542338,567406,573022,579703,2966,3189,3280,3776
701,558611,561359,565644,575447,2585,2660,2821,3137
702,510586,523543,525494,546587,4527,4871,5086,5759
703,746625,739064,739067,748078,1232,1289,1332,1389
704,918507,898865,898939,908973,1205,2149,2610,6020
705,507048,524950,541441,551233,3451,4458,5414,9506
706,714389,747826,759286,775713,1016,1327,2330,3208
707,356949,383869,397258,414544,2531,4784,6207,6884
708,365629,371463,380968,384204,3455,3443,4045,4081
709,362999,366471,365778,368125,1878,2027,2133,2308
710,387143,410910,426109,431284,2130,2137,2141,2238
711,536062,565756,574872,574857,2578,2875,3195,3830
712,729911,760256,757608,756161,1545,2333,3623,4127
713,732571,750924,736948,737197,1521,2359,3508,3871
714,567333,567333,567333,582877,301,307,309,311
715,625735,611341,608146,603071,2601,4558,7477,8311
716,693721,808003,821013,820937,1729,1782,1874,1927
717,452482,475995,478039,478039,2320,2489,2491,2511
718,478777,515902,506234,506223,2910,2910,2911,2911
719,396426,404637,404637,404637,2806,3421,3421,3421
720,451124,478513,525308,530859,1284,1308,1799,1813
721,519272,519272,515721,515721,3300,3301,3339,3522
722,353853,373560,373261,373101,3029,3035,3168,3191
723,713477,784626,796309,794397,2402,2592,2884,3023
724,393674,461786,458555,461079,5325,5385,6427,6801
725,906652,1110243,1110213,1091756,1364,2419,2423,2423
726,568728,599764,604215,604215,3088,3088,3088,3094
727,443217,473907,473754,463882,1062,1062,1062,1062
728,466426,518161,513190,504503,4129,4125,4984,5297
729,579136,1294788,1305880,1380250,2535,4381,6546,6761
730,569114,706661,701719,728378,3388,4499,4499,4499
731,424152,443755,468131,498318,3288,3292,3648,3648
732,493704,527043,527043,530364,2021,2021,2021,2021
733,437122,457938,460690,488058,2087,2084,2109,2109
734,661379,668681,668690,683318,2889,2950,3060,3102
735,985952,1072341,1007631,958815,1571,1820,1868,1897
736,819482,835757,841110,831638,3001,3146,3147,3148
737,594145,617445,617445,617445,1535,1535,1535,1535
738,782207,802907,815547,815547,2015,2015,2023,2023
739,756854,833268,846259,863012,3047,3067,3222,3234
740,684669,724383,737106,737106,1239,1239,1247,1256
741,800313,819836,823588,813826,1707,1707,1707,1707
742,644641,804938,804938,804938,8054,8054,8054,8065
743,719110,741283,732859,731450,3316,3328,4209,4247
744,681992,687419,701316,697413,2157,2235,2278,2295
745,668769,687552,708954,706036,1738,1739,1741,1751
746,1445996,1596033,1613998,1621420,2663,2907,3512,3704
747,1562571,1626858,1626680,1605538,1214,1218,1219,1219
748,770921,785503,785506,795000,1252,1254,1254,1254
749,467114,469823,471723,479892,2424,2450,2573,2571
750,592573,342029,398073,452981,27,118,343,411
751,464464,504852,525046,545240,30,46,45,54
752,464464,452375,481339,490811,649,682,683,707
753,897426,911671,897426,897426,1495,1494,1497,1499
754,1531006,1627669,1627425,1627189,1259,1271,1286,1301
755,1123284,1131985,1113498,1090664,3220,3222,3223,3223
756,1001801,1067505,1097058,1102923,2227,2375,2993,3094
757,431395,451460,451460,474787,824,830,853,853
758,553530,550644,546429,546572,1928,1934,1941,1943
759,491563,485499,476391,471879,2355,2355,2355,2355
760,440005,373570,382154,397742,1846,1856,1863,1873
761,537266,505244,544921,567585,4361,4797,5489,5761
762,401762,387829,396936,427364,3048,3143,3337,3384
763,289296,554528,576797,577153,5089,5090,5150,5228
764,439784,463649,454123,457235,2813,2870,2870,2872
765,433289,444361,449990,442780,945,945,945,945
766,589641,621060,612353,615256,1213,1213,1213,1213
767,359801,392985,394857,403261,3335,3367,3368,3368
768,463436,539960,556169,561101,2778,2781,2781,2793
769,531553,524602,519255,515103,4620,4674,4828,4933
770,395779,437030,437030,445687,1919,1919,1919,1919
771,501410,545373,557981,574270,2503,2504,2504,2505
772,343651,382062,388162,401758,1735,1735,1735,1735
773,372624,428269,444402,451944,2167,2167,2169,2169
774,331480,323823,323866,335682,3904,3931,4022,4144
775,605200,601512,606100,611914,5046,5051,5122,5285
776,490616,550989,574453,578267,3096,3158,3238,3308
777,244107,292514,281560,290111,5050,5061,5135,5277
778,374935,356925,373094,381532,9639,9665,10256,10327
779,908949,928286,909209,908603,1643,1657,1687,1691
780,1277029,1358089,1358120,1358120,1057,1059,1060,1060
781,599306,622064,624999,628988,3034,3037,3038,3038
782,605591,624797,621530,621439,2637,2652,2665,2666
783,728703,737583,727749,745305,1894,1894,1894,1899
784,616953,486675,504121,522579,1862,1866,1866,1866
785,445555,448906,453056,457913,4009,4009,4053,4082
786,466848,476344,485724,477242,1445,1445,1445,1445
787,521544,568051,573439,573447,2638,2670,2771,2794
788,632163,644223,642517,642729,2168,2168,2168,2169
789,512664,548825,549755,550323,1485,1486,1486,1486
790,553504,586812,586155,586634,1551,1590,1618,1637
791,399685,423213,423445,423659,975,975,975,975
792,449732,468894,468933,468933,984,984,984,984
793,397709,437567,441520,441520,1819,1819,1819,1819
794,689100,746525,746525,746525,883,883,883,883
795,398771,443989,450878,447433,1051,1051,1051,1051
796,470786,510075,510075,509517,1986,1987,1987,1989
797,457100,449045,452760,454194,2635,2639,2639,2639
798,338637,352474,359438,366449,2401,2404,2407,2407
799,587016,607385,623935,609623,1843,1849,1991,2002
800,459342,471697,471650,467025,2083,2084,2085,2086
801,459710,516122,535146,555731,3298,6831,7756,7760
802,317286,343966,351933,356605,1438,1441,1444,1448
803,358494,388700,423053,433320,1103,1103,1137,1252
804,365228,378774,378774,377128,1125,1125,1128,1130
805,387148,389501,390686,388826,2196,2196,2196,2196
806,309651,306459,306441,313087,4829,4838,4837,5117
807,275899,268825,268825,275899,782,782,782,782
808,297873,305661,306429,306789,1043,1043,1043,1043
809,325014,332572,332572,332572,593,593,593,593
810,429973,573044,579916,593824,4805,4805,4806,4820
811,389358,388100,379957,358914,2631,2727,2841,2895
812,255678,254504,255639,254467,1158,1159,1160,1161
813,307425,304461,299124,323435,1180,1181,1182,1182
814,294493,319034,319034,310853,954,955,955,955
815,308750,329058,333608,359572,1382,1384,1386,1400
816,256190,257914,265102,267069,862,862,865,865
817,192417,217356,227965,243182,2537,2537,2538,2541
818,301151,312715,324691,328819,1549,1549,1555,1555
819,279639,272356,268821,276723,692,692,692,692
820,475485,567674,576475,580630,5027,5167,5475,5665
821,412612,418020,415022,432674,2532,2552,2615,2705
822,549427,566852,566838,559338,1094,1119,1139,1152
823,350273,365156,357395,364966,3380,3401,3439,3493
824,307766,307055,325284,342836,1452,1644,1947,2020
825,273134,275891,275891,282015,1904,1904,1905,1908
826,320771,339076,338982,356097,1743,1743,1743,1743
827,295345,304665,307771,313984,1542,1542,1542,1542
828,355863,447735,456164,473431,2553,2648,3891,3995
829,276068,267128,263626,258510,1178,1197,1245,1267
830,297261,297370,297370,303436,1939,1939,1939,1940
831,234583,242610,249901,249687,1650,1650,1664,1669
832,323010,328121,331171,333807,1916,1988,2066,2132
833,334260,351852,360649,369445,1536,1536,1536,1536
834,351075,359729,367659,358960,1727,1727,1727,1727
835,311459,345543,366598,368883,1787,1863,2123,2242
836,300778,310764,312537,318976,1554,1554,1554,1554
837,264589,267544,277235,288727,5150,5209,5668,5771
838,319346,339332,350975,367502,1745,1919,2490,2558
839,271701,313099,321349,340969,2164,2293,2440,2484
840,323713,336383,336366,343218,3034,3035,3062,3062
841,343259,352161,347811,359148,2550,2555,2626,2633
842,327322,332627,346061,352564,1743,1745,1752,1747
843,390816,390780,390767,393325,1466,1478,1498,1507
844,625812,661303,652949,651439,3572,3607,3676,3749
845,549362,594984,594805,594501,2814,2824,2827,2864
846,434042,443806,443937,446564,2196,2211,2229,2242
847,374206,410021,415256,424986,1825,2056,2555,2610
848,397241,415033,420494,457147,2709,2770,2771,2793
849,466720,476505,477308,486412,1416,1420,1420,1426
850,591027,640267,639942,639630,1349,1365,1365,1379
851,588574,623889,623889,612117,765,766,766,768
852,465106,485389,485309,485250,2236,2246,2247,2260
853,332281,338316,340580,344962,2237,2245,2247,2254
854,221236,243734,253241,272069,2474,2479,2721,2743
855,270365,286341,295417,300167,2400,2582,2791,2849
856,272494,275626,277844,279451,2702,2704,2740,2771
857,251125,273010,289280,298928,1527,1943,2175,2288
858,322923,336991,341065,336981,3106,3106,3106,3108
859,359148,410396,410396,411052,1463,1463,1463,1463
860,417244,418165,406237,409655,1971,1995,1995,2000
861,349497,387549,396670,396670,2233,2233,2233,2233
862,329148,329124,328817,337921,3489,3489,3490,3498
863,315468,360177,409873,426250,1618,1618,1618,1618
864,243990,319329,320216,321430,4831,4832,4933,4933
865,332460,368755,381251,382569,1457,1457,1457,1457
866,505763,546760,547485,547352,1518,1530,1537,1538
867,453059,477838,502617,502552,1087,1087,1088,1092
868,404887,436217,436217,446027,1514,1514,1518,1520
869,443396,453960,460835,480966,2945,2945,2951,2956
870,334163,397710,405045,419123,1749,1749,1781,1781
871,242615,255238,274385,292417,4816,4827,4926,5002
872,316280,349004,365821,365798,3013,3014,3014,3014
873,292441,296527,298488,303865,1839,1841,1978,2006
874,0,0,0,0,0,0,0,0
875,135080,137627,144001,155183,1094,1236,4037,4953
876,131494,147961,152862,157092,676,676,676,676
877,141208,147186,159982,169496,882,882,882,882
878,147070,158487,163615,170637,1670,1830,2001,2192
879,177368,185492,188429,193531,1313,1393,1449,1482
880,135797,131871,134963,138539,1318,1431,1499,1502
881,181928,189207,190714,193366,1575,1607,1647,1664
882,216733,226875,224550,228318,1149,1149,1149,1192
883,457539,465501,465334,457685,1159,1201,1232,1239
884,486365,478213,477079,477279,1416,1432,1441,1444
885,646411,650830,648555,633818,2430,2558,2854,3073
886,319021,325406,333972,338179,2041,2089,2115,2119
887,320828,322809,331035,335562,1434,1465,1465,1503
888,152727,155099,156181,161861,2044,2087,2092,2127
889,133223,139994,144000,150204,1433,1435,1483,1488
890,150063,150006,155955,160577,1695,1716,1763,1835
891,137882,141178,147851,148036,1736,1767,1829,1873
892,220512,235280,242299,267493,1261,1646,1729,1821
893,129994,141134,149726,151089,941,975,1189,1304
894,113741,118705,125636,127413,1166,1288,1373,1461
895,124624,126375,131339,134194,1356,1444,1915,2220
896,157196,180810,199204,205909,1113,1287,1659,1950
897,180807,204541,217340,217545,1249,1255,1331,1415
898,150246,153095,154448,161638,1494,1561,1609,1656
899,170703,179826,184068,186003,2739,2830,2942,3055
900,159415,159664,160127,161852,1982,2000,2417,2464
901,266017,274830,277692,277677,1855,1855,1941,2042
902,351888,351851,355102,368739,818,818,833,833
903,331770,339571,341584,341916,1892,1892,1898,1898
904,276128,277025,279869,282782,3356,3374,3459,3489
905,226063,232482,231278,234034,2763,2908,2979,3040
906,246592,253610,256177,255894,2323,2351,2441,2463
907,414428,397410,399750,400835,2346,2346,2346,2369
908,506470,499968,503251,501387,1522,1566,1713,1716
909,509681,514263,519580,519790,1459,1459,1470,1470
910,498461,470542,462045,465187,3039,3059,3107,3128
911,654410,663326,667460,661505,1648,1660,1771,1778
912,761500,761237,749006,736648,1815,1862,1906,2012
913,750824,750824,737173,737194,2594,2637,2678,2702
914,728553,728563,718140,704560,2049,2139,2267,2314
915,1129562,1138054,1118200,1122545,1439,1453,1463,1471
916,897612,881038,868532,851329,1421,1422,1463,1468
917,1192777,1162207,1159279,1162086,1938,1938,1940,1957
918,1755425,1755234,1755368,1755214,2245,2257,2266,2282
919,1047670,1030810,1017914,1006615,688,691,693,693
920,746685,747907,746903,747374,846,851,854,856
921,558968,560896,555328,555197,1321,1333,1461,1475
922,610650,613583,608593,598583,2221,2238,2262,2297
923,249833,243900,248250,248481,3105,3153,3279,3319
924,228326,244947,248647,253797,2673,2732,2860,2878
925,194383,223290,226378,231961,2091,2225,2412,2582
926,225943,279725,295057,302701,2193,2868,6205,6610
927,200088,222733,229890,234611,1303,1322,1455,1496
928,183226,219838,224376,224346,1834,1890,1911,1942
929,219436,233738,243731,243359,1463,1494,1549,1639
930,342400,369645,375247,382863,1752,1815,1878,2028
931,281792,285633,290401,294696,1529,1530,1551,1556
932,257109,262627,264846,264912,1611,1639,1672,1681
933,201024,231313,231143,230845,2566,2649,2878,2920
934,308322,378558,386283,394660,3495,3555,3581,3595
935,374645,404708,410693,418379,1729,1732,1755,1879
936,296792,322241,325904,320989,1687,1687,1707,1707
937,687966,715622,704440,693687,1659,1730,1746,1757
938,962501,981877,986338,968645,1653,1653,1653,1653
939,735436,790932,777883,764888,2187,2187,2213,2213
940,412767,457015,441377,441118,2579,2666,2677,2697
941,335053,346121,339255,345386,2761,2761,2761,2768
942,347761,387270,387270,395398,5373,5373,5389,5389
943,482426,527872,538465,546092,2665,2673,2682,2682
944,410061,493243,493292,503361,3789,3889,3931,3952
945,357687,395442,423699,442523,6134,6182,6218,6225
946,280180,386682,415812,433190,5950,6378,6956,7013
947,221642,285397,293606,308870,1446,1800,2486,3165
948,536709,622089,631445,637477,1608,1633,1732,1748
949,675410,684588,721810,730262,2462,2600,2895,3083
950,640384,664395,671608,676345,2433,2433,2437,2437
951,560103,605044,622611,622086,2537,2552,2558,2568
952,534058,643663,667572,683663,2554,2558,2558,2558
953,783731,818042,818042,832857,2450,2478,2483,2499
954,444141,510624,525926,527213,1652,1660,1660,1660
955,472190,563788,583267,603423,1579,1594,1598,1598
956,638825,677931,700049,708206,2347,2351,2357,2370
957,553665,949195,1007775,1035544,1534,1540,1542,1552
958,367891,529161,558666,569227,2560,2570,2570,2572
959,692955,720600,732547,740375,2313,2314,2316,2317
960,578567,597921,579986,580712,1885,1976,2007,2022
961,760143,733233,721990,711717,1329,1444,1539,2014
962,383685,402154,427441,446065,2531,2532,2532,2532
963,503694,571981,589263,591972,2594,2599,2599,2676
964,0,1290000,1330000,1350000,0,0,0,0
965,335790,435849,446862,478331,369,415,462,475
966,413878,846737,898654,911520,49,451,702,843
967,479921,606854,537394,609308,62,202,292,317
968,290222,458329,488530,508479,3991,4039,4077,4201
969,298034,497110,521961,484860,935,1100,1112,1129
970,362665,551824,583351,614955,4761,4905,5195,5284
971,362665,593168,642458,659116,2074,2378,2446,2461
972,235454,275255,268748,287435,3802,3888,4137,4238
973,383466,439050,425054,424934,1635,1725,1870,1875
974,456607,462436,461882,452669,4675,4695,4821,4905
975,559728,633280,641457,645004,1781,1872,1994,2013
976,512069,664229,661144,676389,2688,2725,2772,2795
977,386250,425071,434607,434139,3783,4056,4319,4465
978,234994,323072,337786,344467,2225,2398,2726,2787
979,440974,678400,698768,738696,3573,3745,3978,4092
980,256775,353785,373767,383955,1422,1443,1532,1563
981,216067,366631,375972,375712,872,876,1252,1278
982,287875,354366,373542,383765,963,1035,1199,1220
983,209916,273225,279964,286503,1027,1064,1118,1145
984,325000,465333,487348,487268,177,183,206,206
985,155500,217110,227122,238475,272,298,466,534
986,281246,345842,353641,353889,1221,1528,1613,1647
987,268833,349023,359853,367986,680,809,865,882
988,281443,384951,408579,442032,2817,3108,3826,3965
989,272292,353733,373337,373609,1271,1527,1598,1661
990,252211,341701,358324,352124,1025,1203,1416,1525
991,285324,347281,364122,372737,7784,18784,21615,22240
992,444175,519067,519103,510800,1383,1386,1386,1390
993,435549,486885,486603,494393,1732,1736,1765,1777
994,449277,529357,555997,555997,830,830,833,833
995,481144,592069,615937,615937,1810,1858,1862,1875
996,447638,489164,504818,498930,1946,1957,1986,2023
997,506281,516878,511248,506042,690,735,754,767
998,778192,815166,810503,810004,4713,4752,4775,4901
999,1030072,1035290,1048481,1048675,890,900,1087,1116
1000,784650,797639,794733,787745,1761,1791,1938,1980
1001,498679,537218,542744,539713,1751,1781,1839,1849
1002,559860,643243,654025,665737,881,897,897,902
1003,852395,901875,901875,901875,1303,1303,1303,1303
1004,1286488,1291025,1290290,1271487,1314,1339,1339,1344
1005,1022488,1076350,1075802,1078339,1411,1466,1549,1627
1006,1122673,1161607,1161607,1161693,1767,1768,1768,1768
1007,924958,962821,1110902,1150191,1923,1930,1935,1940
1008,456667,593581,639290,669692,2420,2420,2420,2420
1009,603862,758458,789207,819943,3164,3164,3166,3167
1010,654498,742151,744767,755955,1945,1945,1945,1945
1011,605149,725636,747418,780184,2595,2747,2763,2787
1012,525662,571798,582665,596663,2184,2187,2189,2190
1013,517073,561069,568311,581915,1742,1742,1742,1745
1014,544582,619333,649115,650404,1954,1955,1971,1971
1015,549304,652248,684774,695989,1238,1238,1240,1242
1016,560249,612165,629084,630203,2613,2611,2611,2611
1017,582712,628168,628096,638668,2822,2822,2831,2834
1018,638333,895508,934680,974617,3287,3287,3300,3300
1019,603000,695016,747158,773930,112,112,113,113
1020,690555,762811,789538,804248,1856,1857,1858,1858
1021,550590,623005,634657,646088,2701,2701,2701,2724
1022,572641,616406,614510,623140,2309,2309,2309,2309
1023,538833,569135,577789,577721,1791,1807,1808,1808
1024,500124,545457,564803,567268,1171,1191,1192,1192
1025,601712,614351,630989,632168,1891,1889,1894,1893
1026,682142,693945,698222,698222,1103,1103,1103,1103
1027,796765,868524,868524,855418,2041,2041,2041,2041
1028,937892,943856,943288,943007,1713,1729,1751,1761
1029,935103,921405,933577,934601,1653,1672,1699,1707
1030,834017,834109,848248,862285,869,874,879,883
1031,1118706,1118645,1135838,1135370,1595,1597,1603,1604
1032,1009899,1027419,1011418,1009899,669,670,671,671
1033,823376,837104,824946,824862,1826,1828,1828,1828
1034,704494,712060,729255,734452,1583,1682,1724,1728
1035,722718,755128,773433,771260,1002,1019,1023,1023
1036,542397,560017,525703,526975,1434,8050,8081,8438
1037,558262,605314,620787,638083,934,942,974,983
1038,0,0,0,0,0,0,0,0
1039,425865,445660,456028,460680,1726,2003,2094,2109
1040,408618,551197,551016,551285,1153,1363,1366,1648
1041,447749,517721,533522,521147,1600,1774,1774,4421
1042,594465,636732,622759,622759,1069,1069,1069,1071
1043,838538,838522,838491,822712,1357,1361,1361,1362
1044,820964,821323,806291,805910,1338,1339,1340,1340
1045,734345,767784,758095,757368,1565,1569,1570,1573
1046,583128,596058,595802,595554,1241,1243,1244,1249
1047,434152,475675,467314,466425,1826,2098,2286,2286
1048,453484,515130,503795,503795,2042,2042,2300,2308
1049,314499,347951,348015,346618,3834,3984,4255,5164
1050,190824,217350,225760,226165,3828,3869,3870,3870
1051,374473,427496,420925,417659,3815,4775,5177,12239
1052,609972,622256,622245,610664,792,792,792,792
1053,526570,538262,538243,538794,2181,2182,2186,2186
1054,352036,371969,372531,380380,1830,1830,1830,1832
1055,215480,231525,236228,236124,3375,3375,3439,3458
1056,210974,233698,239218,239647,2724,2715,3745,3937
1057,129569,141164,143023,144480,1882,1966,1970,2045
1058,158894,183713,182621,187840,4566,4566,4862,5229
1059,238545,277321,283123,287939,6256,6921,9079,9215
1060,120445,137678,140614,141389,3909,3902,4036,4049
1061,105903,107656,109422,111869,3235,3241,3363,3367
1062,504236,638988,639770,639892,4124,4268,4266,4267
1063,113198,127965,129602,133065,3413,3417,3418,3502
1064,164663,185299,185900,187991,3072,3072,3126,3126
1065,185575,201751,206087,206074,4466,4468,4469,4477
1066,126401,140973,146516,146037,6563,6569,6573,7079
1067,55414,61512,61510,61507,4785,4793,4892,5958
1068,178379,278260,298178,302971,2899,2924,2924,2925
1069,65179,87426,88938,87856,6411,6513,6507,7172
1070,54000,59529,59529,60039,2562,2562,2562,2562
1071,68833,75489,76084,75609,2438,2441,2441,2444
1072,168167,204641,209790,213154,2097,2090,2328,2328
1073,57500,64273,65031,65397,5473,5473,5474,5474
1074,237767,251056,248454,251033,4888,5128,5136,7079
1075,192448,207938,210083,210041,2478,2494,2509,2514
1076,344642,368560,368628,368591,1583,1588,1589,1590
1077,246146,270335,271106,269993,2499,2664,2665,2666
1078,287914,299542,299562,296619,4304,4303,4306,4308
1079,347454,366756,367562,361198,4778,6491,6655,8197
1080,306992,325325,325224,325208,2161,2301,2302,2544
1081,245314,261492,261486,261466,1531,1531,1531,1703
1082,265641,282372,284228,283945,3019,4626,6331,9257
1083,305939,372055,407380,406059,5723,6975,10599,13611
1084,315514,337949,337948,331816,2958,3230,3268,3275
1085,369160,389752,384019,384391,1686,1686,1688,1689
1086,299654,299463,354285,343449,2088,2169,2386,2408
1087,396888,408490,408456,402190,2740,3241,3785,3798
1088,269480,290152,289130,290307,1250,1251,1254,1906
1089,232314,268890,276250,280760,2163,2484,2733,2791
1090,251758,276539,278542,286262,1381,1391,1409,1445
1091,314973,349201,352470,352151,3184,3200,3215,3224
1092,223917,296725,306996,325480,1091,1489,1602,1828
1093,276098,300869,313346,317952,1166,1254,1259,1269
1094,293681,310048,309974,310611,3477,3494,3532,3536
1095,248525,293434,299257,300542,2230,2286,2288,2321
1096,353062,389348,399005,401402,5639,5702,5708,6079
1097,255912,270460,292016,279256,1813,1841,1960,1960
1098,362188,1751692,1030146,718347,2794,3743,5220,6057
1099,357461,371829,377163,370570,4503,4504,4514,4535
1100,469858,496428,496380,496368,5023,5025,5030,5035
1101,576416,596003,595374,586754,2103,2104,2106,2106
1102,685709,787898,795426,801152,482,482,484,518
1103,475556,539171,549531,539170,3716,3720,3720,3720
1104,473553,473021,482302,473484,2580,2582,2584,2584
1105,356628,373261,373127,372866,631,631,631,631
1106,279846,292401,292325,289903,4901,4909,4926,4928
1107,309360,324341,332412,328662,2736,2737,2740,2740
1108,375170,385258,392914,392914,2881,2881,2882,2883
1109,329327,344787,351896,352511,3832,3833,3833,3833
1110,322242,344763,347621,353992,4815,5580,5797,5843
1111,302426,326304,326329,326057,2883,2951,3813,3833
1112,278116,299474,299474,299474,3453,3906,3894,4529
1113,128633,157074,155422,157206,6224,9110,14498,17589
1114,124688,147047,147047,148767,4681,4840,4840,4840
1115,166725,183706,181425,181139,2156,3020,3104,3158
1116,304435,318929,326463,326427,2176,2330,2328,3439
1117,531187,545210,549624,540367,2032,2038,2044,2044
1118,282603,303424,297447,295478,7525,7526,7526,7526
1119,322514,367489,374651,374651,4375,4382,4402,4402
1120,243792,258152,260798,265307,4058,4059,4060,4060
1121,350894,390614,392283,395435,16424,16528,18956,20125
1122,203853,232182,236365,237574,13167,13175,13176,13176
1123,263240,275469,275454,280255,4129,4138,4138,4138
1124,358067,385477,392099,396520,3483,3486,3651,3662
1125,473932,497855,499064,499064,2705,2712,2717,2724
1126,505098,536261,546418,536608,3713,3715,3729,3730
1127,490977,508231,515786,518322,3764,3789,3794,3794
1128,463537,482821,492463,491721,2653,2654,2654,2654
1129,559317,582319,588321,588321,4145,4148,4148,4148
1130,659768,672463,681734,669856,1833,1833,1834,1834
1131,1100112,1126749,1114811,1101783,3125,3128,3165,3180
1132,1362688,1394836,1410289,1394813,2132,2144,2187,2217
1133,665998,689903,689315,689022,3940,3942,3986,4049
1134,504355,532132,540670,531984,4606,4608,4612,4616
1135,369157,423645,423487,423451,3966,3975,3985,3987
1136,338443,379324,381138,381138,3646,3646,3653,3653
1137,692308,744259,731794,719352,2672,2672,2672,2673
1138,615681,629969,637010,617005,3316,3317,3319,3323
1139,925915,939143,925915,912688,1503,1504,1504,1504
1140,806954,831617,820849,807996,1647,1647,1647,1647
1141,823581,848380,845130,832711,2825,2825,2851,2851
1142,842453,883442,886531,885523,3073,3074,3170,3172
1143,636637,683720,683598,683373,3642,3643,3649,3652
1144,631496,657846,660622,654310,2349,2350,2352,2358
1145,320125,430779,443780,452571,8780,9188,9285,11229
1146,341437,376821,380778,388608,4699,4718,5686,6375
1147,893537,963079,940454,968593,8116,8129,8177,8208
1148,333309,457453,481610,491553,3473,3475,3501,3521
1149,668542,696864,687192,687100,3183,3183,3202,3205
1150,926613,1006304,1024128,1036047,4494,5595,6438,9811
1151,1040643,1066736,1066680,1066654,2786,2790,2864,2963
1152,931830,979309,1041115,1032643,4409,5918,6772,8570
1153,1138336,1152793,1171458,1177785,2018,2013,2024,2050
1154,1304052,1490029,1484138,1488525,3667,4444,5624,7094
1155,899378,935842,935808,935781,836,843,902,934
1156,994748,1020734,1030731,1018711,2011,2037,2087,3017
1157,863239,980698,1040020,1027857,1837,1832,1863,1886
1158,857054,928337,1053983,1060146,3199,3220,3250,3818
1159,986684,1078886,1066842,1066045,1201,1217,1223,1224
1160,1053306,1110431,1110308,1110547,2553,2558,2571,2592
1161,1079290,1136376,1147512,1136204,8186,8221,8231,8242
1162,1028136,1106836,1113498,1111171,707,708,710,711
1163,979048,978888,992094,978857,1738,1739,1754,1762
1164,1345800,1375780,1374685,1360807,2594,2597,2638,2708
1165,1317083,1364974,1370199,1371603,4047,4049,4064,4087
1166,995848,1023034,1022950,1022355,5684,5686,5716,5733
1167,815789,841662,841239,828867,6280,6288,6326,6376
1168,544164,605504,662815,723976,5937,5990,6040,6149
1169,654925,686728,699261,688969,3486,3483,3483,3483
1170,563602,612214,622680,621412,5999,6008,6018,6024
1171,894972,934758,984576,1003776,5294,5455,5540,7565
1172,515856,534002,543075,537879,3745,3745,3745,3745
1173,612983,645245,655999,645245,2178,2178,2178,2178
1174,617989,627349,635700,635700,3069,3069,3069,3069
1175,739383,811646,859803,867711,6630,6679,6819,11132
1176,941813,1154289,1203568,1201401,18881,18990,19288,19452
1177,419315,487343,518230,538824,9549,11012,13065,15818
1178,347766,447093,465398,473092,18189,18765,20302,22084
1179,344271,503140,540195,569186,10694,10934,12570,15261
1180,271631,343063,408008,414320,6951,7099,8118,8844
1181,253440,292995,305636,318762,2422,2452,2491,2530
1182,203031,315263,340285,355311,5134,9710,10765,12685
1183,205026,203979,195186,203527,2861,3190,5848,6619
1184,310399,329858,342303,342303,2043,2062,2103,2110
1185,301164,346960,354131,354036,6746,6747,6833,6883
1186,251120,263839,269255,268619,7928,7930,7936,7937
1187,205669,210219,210548,210207,4161,4161,4164,4166
1188,160670,165226,166434,169786,5497,5507,5510,5512
1189,140658,164230,166095,169291,4647,4649,4834,6628
1190,73073,132549,129432,129432,1903,1932,1933,1933
1191,146129,151602,155314,155299,2448,2448,2449,2449
1192,186635,191621,191638,191873,1883,1883,1883,1884
1193,165086,167964,175139,175139,4599,4599,4783,4783
1194,217543,219311,221567,220439,2949,2949,2949,2951
1195,288193,357509,373076,373968,7679,7701,7712,8314
1196,312594,385965,381941,374677,3275,3275,3302,3308
1197,147696,151766,156635,157652,1449,1449,1451,1451
1198,177081,197353,200142,194827,2055,2056,2056,2056
1199,184345,191138,192902,207353,4240,4274,4279,4287
1200,247645,263399,264667,268665,3691,3713,3751,3766
1201,179879,171596,172744,185766,1453,1453,1463,1463
1202,147576,144543,145556,151984,975,975,980,1287
1203,149464,172229,171228,171639,1560,1565,1568,1568
1204,146849,156943,160641,160556,1017,1029,1035,1040
1205,225683,222845,225406,225412,1037,1643,2987,3216
1206,187991,230643,232128,229291,1773,1871,1974,2064
1207,171023,197309,190446,190428,2875,2886,2886,2888
1208,129457,129218,136510,135551,2349,2507,2680,2780
1209,172258,173491,177120,178867,2021,2059,2078,2100
1210,146219,152952,154454,157723,1527,1529,1540,1542
1211,286992,331168,325267,331550,1771,3097,3652,3883
1212,389277,436251,441975,447612,2529,2839,3053,3142
1213,324069,359228,364900,372836,1343,1364,1365,1365
1214,352792,378718,378718,381317,1430,1434,1434,1434
1215,338905,387199,390521,390527,1726,1728,1734,1737
1216,305516,362698,371125,373155,1326,1342,1347,1344
1217,482800,781600,873014,903533,2250,2265,2268,2268
1218,263820,284430,280015,278482,1745,1756,1762,1763
1219,201774,218272,218267,222166,1206,1207,1208,1209
1220,242782,265462,260030,254597,3511,3512,3513,3514
1221,128481,134782,134837,131080,1571,1574,1589,1617
1222,160631,171801,167399,169653,1166,1166,1167,1167
1223,112481,131570,128560,132282,1185,1193,1198,1199
1224,81389,99139,102529,102772,1487,1531,1526,1526
1225,145163,170554,173865,176283,1315,1345,1349,1358
1226,113154,122369,125958,126919,1237,1237,1241,1241
1227,129069,138455,142219,142038,1319,1321,1324,1324
1228,152951,169484,165730,166005,849,849,849,849
1229,152937,158214,158214,159312,1417,1417,1417,1417
1230,212836,219363,216101,216116,2764,2765,2774,2774
1231,126067,134245,130945,130945,1280,1281,1281,1281
1232,126484,139743,140565,140553,1215,1218,1219,1219
1233,197698,208296,203222,202993,1284,1285,1287,1288
1234,133478,166242,168667,171339,1522,1523,1521,1521
1235,131427,170619,175688,181542,1214,1214,1214,1214
1236,136690,160498,164514,164497,1817,1824,1825,1825
1237,115277,194339,197832,195648,978,1050,1050,1050
1238,292502,866175,638464,566443,160,291,291,291
1239,156447,164079,164079,160263,1051,1051,1051,1051
1240,151565,168953,168953,169015,1485,1485,1485,1485
1241,101550,145905,147903,151873,2487,2488,2488,2488
1242,191300,199202,200336,199212,2325,2330,2331,2332
1243,112739,132699,129308,129314,1931,1946,1949,1949
1244,135275,149792,149550,152758,1717,1720,1720,1720
1245,156583,173511,173511,173511,1685,1694,1694,1801
1246,294408,400643,400686,400879,4204,4246,4649,4775
1247,311103,382719,391745,391671,3291,3321,4133,5079
1248,449927,537369,546928,546942,3410,3539,4162,5757
1249,307481,330439,334908,335945,1895,1905,3785,4189
1250,146165,154812,163770,168457,1807,1891,1899,2372
1251,224103,247452,252744,264885,2416,2733,4956,9642
1252,0,480000,510000,540000,0,0,82,82
1253,233770,301638,316720,339059,1234,1234,2011,2890
1254,175946,180135,184324,180135,1900,1901,1904,1904
1255,181855,186486,186399,186399,1250,1250,1251,1251
1256,201506,206154,208339,208339,1323,1323,1362,1415
1257,118818,135632,137904,138777,2476,2476,2515,2564
1258,67462,90680,89199,89199,1482,1482,1482,1483
1259,135124,145653,148566,157053,1831,1831,1876,1933
1260,138442,140242,145663,146238,1225,1229,1229,1229
1261,177200,190586,194110,188697,1278,1278,1279,1317
1262,129028,140301,155295,163098,801,937,1286,1404
1263,138225,141513,145958,151435,908,908,912,934
1264,144439,149792,153207,157599,2423,2483,2493,2937
1265,152791,165034,166609,169281,1612,1612,1609,1609
1266,130430,138260,143066,145014,1492,1492,1523,1564
1267,259213,274458,278314,272575,1353,1353,1354,1354
1268,387695,410304,409696,404012,4162,4342,5300,8993
1269,302377,324514,326452,319190,3709,3715,3743,3761
1270,276888,392979,426218,426179,4954,7620,12127,16437
1271,280907,310683,310683,310683,4903,5427,6099,6784
1272,234877,289682,289682,289682,1,1,1,1
1273,234877,253421,253031,253809,1363,1363,1363,1358
1274,175542,200899,200899,200899,2218,2218,2218,2218
1275,189879,224356,227441,227441,1561,1561,1561,1561
1276,218930,219657,215193,217061,1505,1505,1505,1505
1277,243680,255618,255618,250288,2008,2008,2008,2008
1278,234844,246060,240491,240412,1134,1305,1308,1825
1279,351113,390262,397935,399440,2645,2853,2930,3516
1280,248170,273343,273327,269241,5346,5350,5351,5353
1281,177401,227995,236313,230919,2576,2599,2599,2599
1282,303445,328787,329913,329912,4425,4450,4461,4519
1283,229835,232627,232627,232627,1623,1625,1627,2032
1284,206573,225142,225094,226513,2114,2117,2284,2289
1285,321500,327930,327930,327930,1844,1844,1846,1846
1286,536096,572077,566071,566074,1573,1688,1794,1853
1287,383700,450960,441358,440106,790,1644,3129,8450
1288,260565,280989,281656,281514,4010,4015,4439,4668
1289,221745,244200,247010,255869,2331,2689,2721,2800
1290,218022,298723,298377,310251,4145,10747,17144,21968
1291,382938,465333,517134,560151,3032,3045,3809,3986
1292,276153,332577,391412,404194,2949,3055,3290,3634
1293,416280,472349,472349,480026,5017,5017,5027,5050
1294,331381,441841,677825,778243,1,5,5,5
1295,331381,335785,358344,363255,3189,3416,4376,4588
1296,558471,559518,564738,564638,2042,2018,2066,2167
1297,335942,354332,359810,365304,5692,5692,5695,5708
1298,357997,406305,415258,415018,847,847,884,969
1299,545825,549525,560146,566648,1379,1395,1491,1764
1300,326770,319789,323214,319789,1115,1115,1120,1126
1301,409350,414089,414049,414009,1769,1769,1769,1780
1302,405912,408627,404298,404307,3018,3018,3024,3038
1303,574724,594080,604988,618287,1290,1290,1291,1292
1304,370841,363593,370827,371191,2792,2791,2833,2862
1305,315881,307778,315850,318400,1578,1577,1581,1587
1306,396693,452715,466575,462731,5425,5436,5474,5540
1307,453830,463892,470320,462061,2621,2621,2631,2640
1308,673841,689958,692366,686887,2195,2190,2304,2328
1309,555417,551411,551202,552599,2083,2074,2266,2366
1310,678172,744558,750470,764118,1811,1811,1831,1831
1311,687888,749207,749538,747270,5339,5338,5355,5456
1312,102750,115882,118899,119526,1633,1659,1667,1670
1313,543000,556966,562162,558183,2213,2213,2216,2220
1314,978377,992368,999941,1003260,2946,2953,3123,3203
1315,323667,343368,359960,367661,1720,1720,1723,1724
1316,750000,858093,846907,847465,1183,1188,1191,1197
1317,556289,550903,541338,564141,2638,2643,2698,2824
1318,706453,728953,731165,762103,3630,3636,3669,3742
1319,383933,380850,387055,391103,4707,4707,4717,4780
1320,740419,751719,764541,773600,3022,3025,3058,3117
1321,414073,441768,447325,456366,2487,2487,2492,2497
1322,578360,597994,607698,616143,2315,2321,2323,2327
1323,695223,715480,735363,747647,4249,4277,4286,4432
1324,893598,901530,920480,970949,1296,2068,3013,4018
1325,446922,464172,469218,477657,5442,6987,7664,7828
1326,613845,639405,685884,698445,1835,1834,1845,1851
1327,572242,582484,602062,621296,2247,2263,2265,2269
1328,609769,594689,595193,614496,1666,1670,1673,1699
1329,642325,635909,638580,669969,1395,1395,1419,1507
1330,468373,467782,476321,491448,1481,1481,1487,1493
1331,339051,341908,346770,364224,2380,2381,2391,2487
1332,459786,544049,599976,631279,2886,3763,3963,4129
1333,340446,338255,352924,354446,1520,1520,1520,1520
1334,360138,360201,368388,376574,1547,1547,1547,1547
1335,324543,324543,326242,340408,2933,2933,2935,2935
1336,412068,409857,416964,431206,5967,5967,5968,5969
1337,523240,529181,559337,604516,4467,4564,4676,4756
1338,320349,324172,331334,340823,1890,2125,2232,2278
1339,301215,320654,320642,330378,2489,2506,2654,2725
1340,302995,295830,303088,305806,2769,2769,2778,2809
1341,356110,378253,379454,395027,3618,4106,5492,5565
1342,266011,260187,269335,275159,2259,2259,2259,2259
1343,261171,258057,266031,271863,1714,1714,1721,1728
1344,213267,207720,222045,240452,3294,3334,3334,3377
1345,209817,209817,212969,215614,1387,1387,1387,1387
1346,369483,371778,372292,372292,2151,2151,2148,2151
1347,312415,332630,331822,326542,2200,2200,2254,2504
1348,256738,254879,255726,276911,5099,10856,12014,13156
1349,308275,348351,368817,396588,2497,2895,3008,3214
1350,391673,395930,385679,400918,3464,3563,3568,3573
1351,381874,386321,380193,386321,1513,1513,1513,1531
1352,636876,648357,639051,656392,1563,1565,1565,1565
1353,482537,489918,489792,500010,4355,4360,4395,6200
1354,600719,621837,606751,629484,3540,3557,3586,3659
1355,308944,302480,298032,305987,1327,1329,1329,1330
1356,335814,332751,332077,340176,3111,3150,3156,3218
1357,359612,364980,361517,371310,4839,4851,4856,4861
1358,400848,393681,386383,404173,3126,3136,3393,3393
1359,338094,344673,347291,355220,2467,2487,2489,2497
1360,281425,314754,326384,335099,2299,2331,2338,2342
1361,292037,330721,357082,387016,1972,3488,3508,3609
1362,518927,545429,552644,584199,1870,1978,1978,1983
1363,320815,332205,343808,363794,1398,1763,2270,2355
1364,306996,310072,314407,325316,1864,2148,2171,2277
1365,485282,488058,486750,496986,2196,2196,2196,2196
1366,651591,665501,662781,684171,6681,8583,9540,9772
1367,614592,605207,598328,606287,2520,2908,3237,3575
1368,444024,438074,441775,456769,2449,3607,4462,5137
1369,329299,325607,317586,324779,2135,3031,3191,3462
1370,355498,350059,346468,357174,5192,5195,5213,5339
1371,307909,317582,310385,322299,2218,2218,2222,2232
1372,255315,243209,231423,247096,1633,3718,3747,3814
1373,186723,200531,203058,230724,3137,4695,5247,5296
1374,280540,275174,274245,291004,2739,4691,5619,7137
1375,286229,298465,298465,311092,3655,3655,3812,3817
1376,200352,226459,228003,245146,2139,2579,2886,2968
1377,201026,206189,207123,212615,2114,3002,3025,3167
1378,252359,262295,255184,278911,3038,5780,6029,6405
1379,236530,229611,224779,235748,1569,1596,1596,1746
1380,297021,349771,348665,358634,2234,6687,6842,7960
1381,266299,323266,329050,362375,4123,4414,4998,5702
1382,375322,369048,362774,376628,2549,2549,2552,2566
1383,562909,547249,534879,547928,2524,2524,2576,2793
1384,449890,444778,444584,453515,2773,2795,2818,3112
1385,589915,570969,562946,577641,1751,2521,2524,2665
1386,497790,496604,491131,489802,1826,1840,1846,2163
1387,545484,540292,530570,546808,1819,1820,1857,2162
1388,649188,662434,656540,667163,1748,1748,1818,1822
1389,626916,696821,694636,716570,2595,2623,2704,2772
1390,289859,356504,361913,391363,3377,3380,3460,3704
1391,256303,299811,308143,333568,3084,3085,3129,3361
1392,422530,424008,416577,428015,2327,2340,2447,3344
1393,355070,369293,368598,386126,1802,1824,1860,2037
1394,421806,510058,538901,558913,3170,3425,3702,4051
1395,335138,363122,372799,382187,4061,4981,4995,5134
1396,438107,463922,480706,492398,4085,4089,4091,4092
1397,527074,568676,589584,624469,2685,2713,3089,3848
1398,610113,623905,639777,653516,1846,1846,1846,1852
1399,458842,473236,485199,502855,2196,2265,2295,2373
1400,1074687,1177525,1187940,1215106,1699,1729,1746,1904
1401,580378,642735,634495,630782,2416,3004,6290,7727
1402,283770,321821,324048,332690,4828,4904,5147,6135
1403,563505,803308,837783,890215,4689,5018,5072,5192
1404,790905,826125,805904,807707,1101,1112,1197,1301
1405,598671,646276,650209,651990,1035,1036,1055,1274
1406,655086,673298,664996,664870,710,710,710,710
1407,554127,696092,688824,534857,2407,2481,2538,2559
1408,610473,650118,669378,694010,3197,3218,3343,3441
1409,591804,665254,666494,663894,3208,3218,3407,3458
1410,303709,353289,352635,344365,2260,2266,2293,2303
1411,462071,489943,489386,482810,3190,3192,3206,3240
1412,522152,557290,553292,547885,4544,4575,4640,4674
1413,651950,724456,724368,712008,927,927,928,930
1414,664219,705496,704964,701887,2802,2809,2821,2832
1415,741414,938816,930715,934864,1925,1993,2017,2037
1416,669781,736368,731156,732707,1102,1112,1134,1145
1417,1171600,1300575,1303707,1299460,181,181,221,240
1418,564372,602367,600001,599142,1579,1585,1632,1662
1419,635483,695441,697139,713140,1930,1930,1961,2055
1420,991599,1019857,1019435,1004375,2737,2739,2789,2802
1421,584115,583544,572254,571252,2832,3023,3098,3164
1422,677735,748985,737663,725605,2654,2656,2656,2659
1423,694616,756526,755049,754406,2436,2443,2458,2465
1424,425745,531149,551754,544996,2242,2257,2315,2350
1425,732556,779431,771900,761971,2735,2784,2787,2952
1426,1052573,1101613,1100587,1087314,2304,2314,2317,2326
1427,877339,920666,893005,896517,2989,3007,3013,3051
1428,328189,379245,384176,384084,5129,5146,5146,5147
1429,643741,643012,639596,641519,2026,2045,2059,2102
1430,655348,681850,660354,659920,3809,3817,3828,3943
1431,766562,751070,747468,734207,4175,4182,4277,4288
1432,1041637,1056297,1026482,1011439,2342,2342,2347,2354
1433,834389,846649,834233,833845,1363,1363,1367,1408
1434,614136,634908,630832,643479,2370,2370,2465,2588
1435,2521501,2577452,2577198,2548969,906,906,907,907
1436,2208690,2268219,2241909,2204852,2082,2088,2164,2193
1437,926457,1000572,1000505,999771,3112,3112,3116,3119
1438,863335,924700,921083,915401,2736,2742,2819,2820
1440,1128325,1170172,1153140,1140265,3014,3071,3134,3191
1441,930281,965594,965169,957993,3049,3051,3107,3115
1442,1381003,1373903,1356110,1354906,2800,2800,2821,2831
1443,735010,793623,770162,769720,2094,2094,2095,2100
1444,1318804,1229427,1222312,1248715,2008,2009,2335,2653
1445,1532131,1572894,1553630,1527733,2544,2545,2566,2572
1446,1818130,1904008,1894962,1877965,2800,2800,2814,2819
1447,3082268,3085793,3123788,3082129,1331,1439,1445,1453
1448,1206061,1275328,1254411,1245034,4418,4427,4455,4491
1449,417340,426753,345787,327154,1120,1120,1217,1216
1450,938054,941850,921856,925521,2766,2778,2838,2868
1451,1099049,1116754,1100870,1083123,2037,2042,2104,2149
1452,1460696,1443077,1437043,1417458,1933,1934,1970,1991
1453,1249208,1253402,1250985,1220102,202,202,215,235
1454,1503743,2094950,2094500,2131566,1939,1944,2022,2082
